Entity,Code,Year,death_count - Cause: Road injury - Sex: Both sexes - Age_group: ALLAges
Afghanistan,AFG,2000,3044
Afghanistan,AFG,2001,3265
Afghanistan,AFG,2002,3371
Afghanistan,AFG,2003,3556
Afghanistan,AFG,2004,3757
Afghanistan,AFG,2005,3891
Afghanistan,AFG,2006,3982
Afghanistan,AFG,2007,4053
Afghanistan,AFG,2008,4161
Afghanistan,AFG,2009,4095
Afghanistan,AFG,2010,4208
Afghanistan,AFG,2011,4282
Afghanistan,AFG,2012,4296
Afghanistan,AFG,2013,4506
Afghanistan,AFG,2014,4693
Afghanistan,AFG,2015,4942
Afghanistan,AFG,2016,5240
Afghanistan,AFG,2017,5490
Afghanistan,AFG,2018,5295
Afghanistan,AFG,2019,6033
Albania,ALB,2000,449
Albania,ALB,2001,454
Albania,ALB,2002,453
Albania,ALB,2003,457
Albania,ALB,2004,455
Albania,ALB,2005,461
Albania,ALB,2006,456
Albania,ALB,2007,449
Albania,ALB,2008,435
Albania,ALB,2009,428
Albania,ALB,2010,415
Albania,ALB,2011,419
Albania,ALB,2012,403
Albania,ALB,2013,403
Albania,ALB,2014,394
Albania,ALB,2015,398
Albania,ALB,2016,399
Albania,ALB,2017,330
Albania,ALB,2018,317
Albania,ALB,2019,337
Algeria,DZA,2000,6996
Algeria,DZA,2001,7133
Algeria,DZA,2002,7262
Algeria,DZA,2003,7325
Algeria,DZA,2004,7348
Algeria,DZA,2005,7314
Algeria,DZA,2006,7459
Algeria,DZA,2007,7615
Algeria,DZA,2008,7784
Algeria,DZA,2009,7944
Algeria,DZA,2010,8023
Algeria,DZA,2011,8180
Algeria,DZA,2012,7986
Algeria,DZA,2013,8052
Algeria,DZA,2014,8255
Algeria,DZA,2015,8415
Algeria,DZA,2016,8538
Algeria,DZA,2017,8698
Algeria,DZA,2018,8849
Algeria,DZA,2019,8996
Angola,AGO,2000,4110
Angola,AGO,2001,4269
Angola,AGO,2002,4448
Angola,AGO,2003,4577
Angola,AGO,2004,4853
Angola,AGO,2005,5064
Angola,AGO,2006,4952
Angola,AGO,2007,5324
Angola,AGO,2008,5416
Angola,AGO,2009,6155
Angola,AGO,2010,6025
Angola,AGO,2011,6149
Angola,AGO,2012,5813
Angola,AGO,2013,5817
Angola,AGO,2014,6248
Angola,AGO,2015,6586
Angola,AGO,2016,7137
Angola,AGO,2017,7596
Angola,AGO,2018,8009
Angola,AGO,2019,8317
Antigua and Barbuda,ATG,2000,7
Antigua and Barbuda,ATG,2001,10
Antigua and Barbuda,ATG,2002,2
Antigua and Barbuda,ATG,2003,8
Antigua and Barbuda,ATG,2004,2
Antigua and Barbuda,ATG,2005,0
Antigua and Barbuda,ATG,2006,2
Antigua and Barbuda,ATG,2007,6
Antigua and Barbuda,ATG,2008,10
Antigua and Barbuda,ATG,2009,5
Antigua and Barbuda,ATG,2010,5
Antigua and Barbuda,ATG,2011,8
Antigua and Barbuda,ATG,2012,1
Antigua and Barbuda,ATG,2013,2
Antigua and Barbuda,ATG,2014,1
Antigua and Barbuda,ATG,2015,0
Antigua and Barbuda,ATG,2016,0
Antigua and Barbuda,ATG,2017,0
Antigua and Barbuda,ATG,2018,0
Antigua and Barbuda,ATG,2019,0
Argentina,ARG,2000,4228
Argentina,ARG,2001,4339
Argentina,ARG,2002,3696
Argentina,ARG,2003,3584
Argentina,ARG,2004,4084
Argentina,ARG,2005,4527
Argentina,ARG,2006,5150
Argentina,ARG,2007,5596
Argentina,ARG,2008,5938
Argentina,ARG,2009,5381
Argentina,ARG,2010,5252
Argentina,ARG,2011,5729
Argentina,ARG,2012,5468
Argentina,ARG,2013,6052
Argentina,ARG,2014,5700
Argentina,ARG,2015,5980
Argentina,ARG,2016,6119
Argentina,ARG,2017,6151
Argentina,ARG,2018,6021
Argentina,ARG,2019,6298
Armenia,ARM,2000,603
Armenia,ARM,2001,594
Armenia,ARM,2002,579
Armenia,ARM,2003,558
Armenia,ARM,2004,554
Armenia,ARM,2005,546
Armenia,ARM,2006,528
Armenia,ARM,2007,515
Armenia,ARM,2008,504
Armenia,ARM,2009,516
Armenia,ARM,2010,519
Armenia,ARM,2011,510
Armenia,ARM,2012,491
Armenia,ARM,2013,486
Armenia,ARM,2014,485
Armenia,ARM,2015,490
Armenia,ARM,2016,461
Armenia,ARM,2017,483
Armenia,ARM,2018,602
Armenia,ARM,2019,590
Australia,AUS,2000,1873
Australia,AUS,2001,1791
Australia,AUS,2002,1768
Australia,AUS,2003,1671
Australia,AUS,2004,1632
Australia,AUS,2005,1677
Australia,AUS,2006,1648
Australia,AUS,2007,1653
Australia,AUS,2008,1519
Australia,AUS,2009,1555
Australia,AUS,2010,1451
Australia,AUS,2011,1337
Australia,AUS,2012,1339
Australia,AUS,2013,1224
Australia,AUS,2014,1266
Australia,AUS,2015,1243
Australia,AUS,2016,1351
Australia,AUS,2017,1277
Australia,AUS,2018,1193
Australia,AUS,2019,1245
Austria,AUT,2000,1006
Austria,AUT,2001,988
Austria,AUT,2002,986
Austria,AUT,2003,960
Austria,AUT,2004,905
Austria,AUT,2005,792
Austria,AUT,2006,753
Austria,AUT,2007,712
Austria,AUT,2008,700
Austria,AUT,2009,653
Austria,AUT,2010,569
Austria,AUT,2011,539
Austria,AUT,2012,547
Austria,AUT,2013,469
Austria,AUT,2014,443
Austria,AUT,2015,494
Austria,AUT,2016,452
Austria,AUT,2017,434
Austria,AUT,2018,429
Austria,AUT,2019,436
Azerbaijan,AZE,2000,663
Azerbaijan,AZE,2001,819
Azerbaijan,AZE,2002,838
Azerbaijan,AZE,2003,1213
Azerbaijan,AZE,2004,903
Azerbaijan,AZE,2005,1185
Azerbaijan,AZE,2006,1143
Azerbaijan,AZE,2007,1199
Azerbaijan,AZE,2008,1171
Azerbaijan,AZE,2009,1035
Azerbaijan,AZE,2010,1030
Azerbaijan,AZE,2011,1131
Azerbaijan,AZE,2012,1300
Azerbaijan,AZE,2013,1296
Azerbaijan,AZE,2014,1251
Azerbaijan,AZE,2015,995
Azerbaijan,AZE,2016,845
Azerbaijan,AZE,2017,835
Azerbaijan,AZE,2018,804
Azerbaijan,AZE,2019,676
Bahamas,BHS,2000,76
Bahamas,BHS,2001,63
Bahamas,BHS,2002,54
Bahamas,BHS,2003,41
Bahamas,BHS,2004,51
Bahamas,BHS,2005,68
Bahamas,BHS,2006,49
Bahamas,BHS,2007,53
Bahamas,BHS,2008,50
Bahamas,BHS,2009,57
Bahamas,BHS,2010,45
Bahamas,BHS,2011,47
Bahamas,BHS,2012,47
Bahamas,BHS,2013,52
Bahamas,BHS,2014,30
Bahamas,BHS,2015,31
Bahamas,BHS,2016,31
Bahamas,BHS,2017,33
Bahamas,BHS,2018,32
Bahamas,BHS,2019,30
Bahrain,BHR,2000,80
Bahrain,BHR,2001,121
Bahrain,BHR,2002,139
Bahrain,BHR,2003,125
Bahrain,BHR,2004,130
Bahrain,BHR,2005,139
Bahrain,BHR,2006,209
Bahrain,BHR,2007,164
Bahrain,BHR,2008,151
Bahrain,BHR,2009,160
Bahrain,BHR,2010,134
Bahrain,BHR,2011,124
Bahrain,BHR,2012,123
Bahrain,BHR,2013,128
Bahrain,BHR,2014,98
Bahrain,BHR,2015,103
Bahrain,BHR,2016,99
Bahrain,BHR,2017,92
Bahrain,BHR,2018,89
Bahrain,BHR,2019,85
Bangladesh,BGD,2000,13791
Bangladesh,BGD,2001,15670
Bangladesh,BGD,2002,17830
Bangladesh,BGD,2003,20068
Bangladesh,BGD,2004,22408
Bangladesh,BGD,2005,24531
Bangladesh,BGD,2006,24829
Bangladesh,BGD,2007,24166
Bangladesh,BGD,2008,24331
Bangladesh,BGD,2009,24697
Bangladesh,BGD,2010,24872
Bangladesh,BGD,2011,25124
Bangladesh,BGD,2012,24054
Bangladesh,BGD,2013,24323
Bangladesh,BGD,2014,24579
Bangladesh,BGD,2015,24708
Bangladesh,BGD,2016,24954
Bangladesh,BGD,2017,24940
Bangladesh,BGD,2018,25069
Bangladesh,BGD,2019,25023
Barbados,BRB,2000,40
Barbados,BRB,2001,24
Barbados,BRB,2002,31
Barbados,BRB,2003,32
Barbados,BRB,2004,46
Barbados,BRB,2005,24
Barbados,BRB,2006,22
Barbados,BRB,2007,28
Barbados,BRB,2008,17
Barbados,BRB,2009,26
Barbados,BRB,2010,25
Barbados,BRB,2011,31
Barbados,BRB,2012,42
Barbados,BRB,2013,40
Barbados,BRB,2014,24
Barbados,BRB,2015,38
Barbados,BRB,2016,16
Barbados,BRB,2017,24
Barbados,BRB,2018,24
Barbados,BRB,2019,23
Belarus,BLR,2000,1758
Belarus,BLR,2001,1739
Belarus,BLR,2002,2544
Belarus,BLR,2003,2587
Belarus,BLR,2004,2214
Belarus,BLR,2005,2109
Belarus,BLR,2006,2100
Belarus,BLR,2007,2224
Belarus,BLR,2008,2255
Belarus,BLR,2009,1841
Belarus,BLR,2010,2066
Belarus,BLR,2011,1748
Belarus,BLR,2012,1486
Belarus,BLR,2013,1279
Belarus,BLR,2014,1083
Belarus,BLR,2015,950
Belarus,BLR,2016,841
Belarus,BLR,2017,843
Belarus,BLR,2018,786
Belarus,BLR,2019,722
Belgium,BEL,2000,1712
Belgium,BEL,2001,1633
Belgium,BEL,2002,1437
Belgium,BEL,2003,1251
Belgium,BEL,2004,1198
Belgium,BEL,2005,1154
Belgium,BEL,2006,1115
Belgium,BEL,2007,1160
Belgium,BEL,2008,1015
Belgium,BEL,2009,1023
Belgium,BEL,2010,889
Belgium,BEL,2011,902
Belgium,BEL,2012,794
Belgium,BEL,2013,778
Belgium,BEL,2014,750
Belgium,BEL,2015,755
Belgium,BEL,2016,657
Belgium,BEL,2017,628
Belgium,BEL,2018,623
Belgium,BEL,2019,666
Belize,BLZ,2000,73
Belize,BLZ,2001,96
Belize,BLZ,2002,95
Belize,BLZ,2003,85
Belize,BLZ,2004,65
Belize,BLZ,2005,102
Belize,BLZ,2006,84
Belize,BLZ,2007,97
Belize,BLZ,2008,104
Belize,BLZ,2009,53
Belize,BLZ,2010,45
Belize,BLZ,2011,60
Belize,BLZ,2012,72
Belize,BLZ,2013,75
Belize,BLZ,2014,86
Belize,BLZ,2015,92
Belize,BLZ,2016,104
Belize,BLZ,2017,73
Belize,BLZ,2018,86
Belize,BLZ,2019,88
Benin,BEN,2000,1952
Benin,BEN,2001,2017
Benin,BEN,2002,2092
Benin,BEN,2003,2122
Benin,BEN,2004,2167
Benin,BEN,2005,2303
Benin,BEN,2006,2313
Benin,BEN,2007,2334
Benin,BEN,2008,2404
Benin,BEN,2009,2497
Benin,BEN,2010,2595
Benin,BEN,2011,2656
Benin,BEN,2012,2661
Benin,BEN,2013,2699
Benin,BEN,2014,2781
Benin,BEN,2015,2887
Benin,BEN,2016,2986
Benin,BEN,2017,3019
Benin,BEN,2018,3090
Benin,BEN,2019,3162
Bhutan,BTN,2000,69
Bhutan,BTN,2001,72
Bhutan,BTN,2002,74
Bhutan,BTN,2003,78
Bhutan,BTN,2004,84
Bhutan,BTN,2005,87
Bhutan,BTN,2006,88
Bhutan,BTN,2007,88
Bhutan,BTN,2008,102
Bhutan,BTN,2009,92
Bhutan,BTN,2010,93
Bhutan,BTN,2011,116
Bhutan,BTN,2012,107
Bhutan,BTN,2013,84
Bhutan,BTN,2014,85
Bhutan,BTN,2015,110
Bhutan,BTN,2016,139
Bhutan,BTN,2017,117
Bhutan,BTN,2018,120
Bhutan,BTN,2019,123
Bolivia,BOL,2000,1224
Bolivia,BOL,2001,1271
Bolivia,BOL,2002,1325
Bolivia,BOL,2003,1347
Bolivia,BOL,2004,1373
Bolivia,BOL,2005,1400
Bolivia,BOL,2006,1964
Bolivia,BOL,2007,1438
Bolivia,BOL,2008,1672
Bolivia,BOL,2009,1637
Bolivia,BOL,2010,1734
Bolivia,BOL,2011,1789
Bolivia,BOL,2012,2389
Bolivia,BOL,2013,2476
Bolivia,BOL,2014,2129
Bolivia,BOL,2015,2044
Bolivia,BOL,2016,1687
Bolivia,BOL,2017,2275
Bolivia,BOL,2018,2351
Bolivia,BOL,2019,2430
Bosnia and Herzegovina,BIH,2000,713
Bosnia and Herzegovina,BIH,2001,708
Bosnia and Herzegovina,BIH,2002,695
Bosnia and Herzegovina,BIH,2003,691
Bosnia and Herzegovina,BIH,2004,683
Bosnia and Herzegovina,BIH,2005,670
Bosnia and Herzegovina,BIH,2006,661
Bosnia and Herzegovina,BIH,2007,657
Bosnia and Herzegovina,BIH,2008,643
Bosnia and Herzegovina,BIH,2009,638
Bosnia and Herzegovina,BIH,2010,627
Bosnia and Herzegovina,BIH,2011,545
Bosnia and Herzegovina,BIH,2012,564
Bosnia and Herzegovina,BIH,2013,544
Bosnia and Herzegovina,BIH,2014,538
Bosnia and Herzegovina,BIH,2015,543
Bosnia and Herzegovina,BIH,2016,552
Bosnia and Herzegovina,BIH,2017,523
Bosnia and Herzegovina,BIH,2018,473
Bosnia and Herzegovina,BIH,2019,446
Botswana,BWA,2000,523
Botswana,BWA,2001,521
Botswana,BWA,2002,514
Botswana,BWA,2003,550
Botswana,BWA,2004,526
Botswana,BWA,2005,446
Botswana,BWA,2006,453
Botswana,BWA,2007,489
Botswana,BWA,2008,458
Botswana,BWA,2009,469
Botswana,BWA,2010,480
Botswana,BWA,2011,480
Botswana,BWA,2012,432
Botswana,BWA,2013,431
Botswana,BWA,2014,506
Botswana,BWA,2015,526
Botswana,BWA,2016,535
Botswana,BWA,2017,552
Botswana,BWA,2018,580
Botswana,BWA,2019,608
Brazil,BRA,2000,34451
Brazil,BRA,2001,35656
Brazil,BRA,2002,38072
Brazil,BRA,2003,38234
Brazil,BRA,2004,40908
Brazil,BRA,2005,41683
Brazil,BRA,2006,41075
Brazil,BRA,2007,42834
Brazil,BRA,2008,43304
Brazil,BRA,2009,43018
Brazil,BRA,2010,47537
Brazil,BRA,2011,48314
Brazil,BRA,2012,49476
Brazil,BRA,2013,46519
Brazil,BRA,2014,47902
Brazil,BRA,2015,42505
Brazil,BRA,2016,41007
Brazil,BRA,2017,38844
Brazil,BRA,2018,35857
Brazil,BRA,2019,33871
Brunei,BRN,2000,53
Brunei,BRN,2001,66
Brunei,BRN,2002,52
Brunei,BRN,2003,31
Brunei,BRN,2004,45
Brunei,BRN,2005,53
Brunei,BRN,2006,47
Brunei,BRN,2007,66
Brunei,BRN,2008,40
Brunei,BRN,2009,44
Brunei,BRN,2010,30
Brunei,BRN,2011,48
Brunei,BRN,2012,36
Brunei,BRN,2013,39
Brunei,BRN,2014,35
Brunei,BRN,2015,37
Brunei,BRN,2016,38
Brunei,BRN,2017,34
Brunei,BRN,2018,33
Brunei,BRN,2019,32
Bulgaria,BGR,2000,1043
Bulgaria,BGR,2001,1043
Bulgaria,BGR,2002,989
Bulgaria,BGR,2003,990
Bulgaria,BGR,2004,969
Bulgaria,BGR,2005,987
Bulgaria,BGR,2006,1075
Bulgaria,BGR,2007,1085
Bulgaria,BGR,2008,1094
Bulgaria,BGR,2009,929
Bulgaria,BGR,2010,799
Bulgaria,BGR,2011,677
Bulgaria,BGR,2012,620
Bulgaria,BGR,2013,620
Bulgaria,BGR,2014,680
Bulgaria,BGR,2015,730
Bulgaria,BGR,2016,730
Bulgaria,BGR,2017,703
Bulgaria,BGR,2018,629
Bulgaria,BGR,2019,647
Burkina Faso,BFA,2000,3207
Burkina Faso,BFA,2001,3314
Burkina Faso,BFA,2002,3445
Burkina Faso,BFA,2003,3594
Burkina Faso,BFA,2004,3787
Burkina Faso,BFA,2005,3915
Burkina Faso,BFA,2006,4070
Burkina Faso,BFA,2007,4223
Burkina Faso,BFA,2008,4358
Burkina Faso,BFA,2009,4456
Burkina Faso,BFA,2010,4707
Burkina Faso,BFA,2011,4831
Burkina Faso,BFA,2012,4908
Burkina Faso,BFA,2013,5086
Burkina Faso,BFA,2014,5317
Burkina Faso,BFA,2015,5510
Burkina Faso,BFA,2016,5686
Burkina Faso,BFA,2017,5885
Burkina Faso,BFA,2018,6091
Burkina Faso,BFA,2019,6303
Burundi,BDI,2000,1936
Burundi,BDI,2001,1968
Burundi,BDI,2002,1962
Burundi,BDI,2003,2060
Burundi,BDI,2004,2119
Burundi,BDI,2005,2203
Burundi,BDI,2006,2522
Burundi,BDI,2007,2623
Burundi,BDI,2008,2684
Burundi,BDI,2009,2774
Burundi,BDI,2010,2878
Burundi,BDI,2011,2952
Burundi,BDI,2012,3127
Burundi,BDI,2013,3225
Burundi,BDI,2014,3307
Burundi,BDI,2015,3498
Burundi,BDI,2016,3651
Burundi,BDI,2017,3774
Burundi,BDI,2018,3929
Burundi,BDI,2019,4089
Cambodia,KHM,2000,2178
Cambodia,KHM,2001,2187
Cambodia,KHM,2002,2233
Cambodia,KHM,2003,2267
Cambodia,KHM,2004,2301
Cambodia,KHM,2005,2375
Cambodia,KHM,2006,2407
Cambodia,KHM,2007,2379
Cambodia,KHM,2008,2457
Cambodia,KHM,2009,2520
Cambodia,KHM,2010,2587
Cambodia,KHM,2011,2612
Cambodia,KHM,2012,2520
Cambodia,KHM,2013,2576
Cambodia,KHM,2014,2650
Cambodia,KHM,2015,2696
Cambodia,KHM,2016,2803
Cambodia,KHM,2017,2944
Cambodia,KHM,2018,3081
Cambodia,KHM,2019,3223
Cameroon,CMR,2000,4258
Cameroon,CMR,2001,4386
Cameroon,CMR,2002,4530
Cameroon,CMR,2003,4597
Cameroon,CMR,2004,4794
Cameroon,CMR,2005,5019
Cameroon,CMR,2006,5129
Cameroon,CMR,2007,5259
Cameroon,CMR,2008,5461
Cameroon,CMR,2009,5641
Cameroon,CMR,2010,5871
Cameroon,CMR,2011,6059
Cameroon,CMR,2012,6147
Cameroon,CMR,2013,6337
Cameroon,CMR,2014,6554
Cameroon,CMR,2015,6756
Cameroon,CMR,2016,7066
Cameroon,CMR,2017,7287
Cameroon,CMR,2018,7545
Cameroon,CMR,2019,7810
Canada,CAN,2000,2993
Canada,CAN,2001,2841
Canada,CAN,2002,3012
Canada,CAN,2003,2871
Canada,CAN,2004,2846
Canada,CAN,2005,3051
Canada,CAN,2006,2975
Canada,CAN,2007,2924
Canada,CAN,2008,2681
Canada,CAN,2009,2418
Canada,CAN,2010,2508
Canada,CAN,2011,2189
Canada,CAN,2012,2356
Canada,CAN,2013,2212
Canada,CAN,2014,2066
Canada,CAN,2015,2073
Canada,CAN,2016,2118
Canada,CAN,2017,2054
Canada,CAN,2018,2013
Canada,CAN,2019,1998
Cape Verde,CPV,2000,98
Cape Verde,CPV,2001,102
Cape Verde,CPV,2002,104
Cape Verde,CPV,2003,108
Cape Verde,CPV,2004,109
Cape Verde,CPV,2005,110
Cape Verde,CPV,2006,109
Cape Verde,CPV,2007,110
Cape Verde,CPV,2008,109
Cape Verde,CPV,2009,112
Cape Verde,CPV,2010,116
Cape Verde,CPV,2011,117
Cape Verde,CPV,2012,119
Cape Verde,CPV,2013,123
Cape Verde,CPV,2014,127
Cape Verde,CPV,2015,131
Cape Verde,CPV,2016,135
Cape Verde,CPV,2017,139
Cape Verde,CPV,2018,143
Cape Verde,CPV,2019,147
Central African Republic,CAF,2000,1177
Central African Republic,CAF,2001,1188
Central African Republic,CAF,2002,1202
Central African Republic,CAF,2003,1301
Central African Republic,CAF,2004,1332
Central African Republic,CAF,2005,1347
Central African Republic,CAF,2006,1360
Central African Republic,CAF,2007,1371
Central African Republic,CAF,2008,1381
Central African Republic,CAF,2009,1389
Central African Republic,CAF,2010,1339
Central African Republic,CAF,2011,1339
Central African Republic,CAF,2012,1313
Central African Republic,CAF,2013,1480
Central African Republic,CAF,2014,1504
Central African Republic,CAF,2015,1528
Central African Republic,CAF,2016,1546
Central African Republic,CAF,2017,1625
Central African Republic,CAF,2018,1678
Central African Republic,CAF,2019,1790
Chad,TCD,2000,2252
Chad,TCD,2001,2307
Chad,TCD,2002,2384
Chad,TCD,2003,2478
Chad,TCD,2004,2439
Chad,TCD,2005,2500
Chad,TCD,2006,2560
Chad,TCD,2007,2658
Chad,TCD,2008,2791
Chad,TCD,2009,2882
Chad,TCD,2010,2948
Chad,TCD,2011,3063
Chad,TCD,2012,3028
Chad,TCD,2013,3172
Chad,TCD,2014,3365
Chad,TCD,2015,3630
Chad,TCD,2016,3990
Chad,TCD,2017,4342
Chad,TCD,2018,4740
Chad,TCD,2019,5171
Chile,CHL,2000,2751
Chile,CHL,2001,2519
Chile,CHL,2002,2506
Chile,CHL,2003,2853
Chile,CHL,2004,2856
Chile,CHL,2005,2869
Chile,CHL,2006,3055
Chile,CHL,2007,2204
Chile,CHL,2008,2388
Chile,CHL,2009,2096
Chile,CHL,2010,2137
Chile,CHL,2011,2108
Chile,CHL,2012,2041
Chile,CHL,2013,2175
Chile,CHL,2014,2184
Chile,CHL,2015,2204
Chile,CHL,2016,2245
Chile,CHL,2017,2580
Chile,CHL,2018,2620
Chile,CHL,2019,2826
China,CHN,2000,277382
China,CHN,2001,286025
China,CHN,2002,290780
China,CHN,2003,279480
China,CHN,2004,273248
China,CHN,2005,278063
China,CHN,2006,279093
China,CHN,2007,282827
China,CHN,2008,279173
China,CHN,2009,280280
China,CHN,2010,279005
China,CHN,2011,286458
China,CHN,2012,282962
China,CHN,2013,274653
China,CHN,2014,264944
China,CHN,2015,258175
China,CHN,2016,256180
China,CHN,2017,254102
China,CHN,2018,252225
China,CHN,2019,250272
Colombia,COL,2000,7942
Colombia,COL,2001,8067
Colombia,COL,2002,7776
Colombia,COL,2003,7119
Colombia,COL,2004,7353
Colombia,COL,2005,7226
Colombia,COL,2006,7536
Colombia,COL,2007,7837
Colombia,COL,2008,7970
Colombia,COL,2009,7908
Colombia,COL,2010,7330
Colombia,COL,2011,7196
Colombia,COL,2012,7688
Colombia,COL,2013,7768
Colombia,COL,2014,7944
Colombia,COL,2015,8540
Colombia,COL,2016,8948
Colombia,COL,2017,8411
Colombia,COL,2018,8105
Colombia,COL,2019,7765
Comoros,COM,2000,146
Comoros,COM,2001,149
Comoros,COM,2002,152
Comoros,COM,2003,156
Comoros,COM,2004,161
Comoros,COM,2005,164
Comoros,COM,2006,166
Comoros,COM,2007,170
Comoros,COM,2008,176
Comoros,COM,2009,182
Comoros,COM,2010,187
Comoros,COM,2011,191
Comoros,COM,2012,193
Comoros,COM,2013,197
Comoros,COM,2014,200
Comoros,COM,2015,207
Comoros,COM,2016,211
Comoros,COM,2017,217
Comoros,COM,2018,221
Comoros,COM,2019,226
Congo,COG,2000,822
Congo,COG,2001,839
Congo,COG,2002,859
Congo,COG,2003,887
Congo,COG,2004,906
Congo,COG,2005,922
Congo,COG,2006,955
Congo,COG,2007,1009
Congo,COG,2008,1040
Congo,COG,2009,1088
Congo,COG,2010,1156
Congo,COG,2011,1187
Congo,COG,2012,1210
Congo,COG,2013,1246
Congo,COG,2014,1294
Congo,COG,2015,1339
Congo,COG,2016,1405
Congo,COG,2017,1464
Congo,COG,2018,1530
Congo,COG,2019,1598
Costa Rica,CRI,2000,704
Costa Rica,CRI,2001,696
Costa Rica,CRI,2002,698
Costa Rica,CRI,2003,642
Costa Rica,CRI,2004,650
Costa Rica,CRI,2005,620
Costa Rica,CRI,2006,712
Costa Rica,CRI,2007,709
Costa Rica,CRI,2008,751
Costa Rica,CRI,2009,721
Costa Rica,CRI,2010,640
Costa Rica,CRI,2011,616
Costa Rica,CRI,2012,699
Costa Rica,CRI,2013,644
Costa Rica,CRI,2014,682
Costa Rica,CRI,2015,798
Costa Rica,CRI,2016,812
Costa Rica,CRI,2017,728
Costa Rica,CRI,2018,721
Costa Rica,CRI,2019,746
Cote d'Ivoire,CIV,2000,4187
Cote d'Ivoire,CIV,2001,4263
Cote d'Ivoire,CIV,2002,4380
Cote d'Ivoire,CIV,2003,4553
Cote d'Ivoire,CIV,2004,4755
Cote d'Ivoire,CIV,2005,4832
Cote d'Ivoire,CIV,2006,4843
Cote d'Ivoire,CIV,2007,4876
Cote d'Ivoire,CIV,2008,4989
Cote d'Ivoire,CIV,2009,5120
Cote d'Ivoire,CIV,2010,5293
Cote d'Ivoire,CIV,2011,5430
Cote d'Ivoire,CIV,2012,5163
Cote d'Ivoire,CIV,2013,5197
Cote d'Ivoire,CIV,2014,5215
Cote d'Ivoire,CIV,2015,5379
Cote d'Ivoire,CIV,2016,5582
Cote d'Ivoire,CIV,2017,5775
Cote d'Ivoire,CIV,2018,5985
Cote d'Ivoire,CIV,2019,6202
Croatia,HRV,2000,675
Croatia,HRV,2001,667
Croatia,HRV,2002,646
Croatia,HRV,2003,723
Croatia,HRV,2004,627
Croatia,HRV,2005,616
Croatia,HRV,2006,633
Croatia,HRV,2007,638
Croatia,HRV,2008,685
Croatia,HRV,2009,565
Croatia,HRV,2010,455
Croatia,HRV,2011,479
Croatia,HRV,2012,412
Croatia,HRV,2013,395
Croatia,HRV,2014,347
Croatia,HRV,2015,392
Croatia,HRV,2016,340
Croatia,HRV,2017,366
Croatia,HRV,2018,351
Croatia,HRV,2019,328
Cuba,CUB,2000,1753
Cuba,CUB,2001,1590
Cuba,CUB,2002,1488
Cuba,CUB,2003,1291
Cuba,CUB,2004,1286
Cuba,CUB,2005,1305
Cuba,CUB,2006,1092
Cuba,CUB,2007,967
Cuba,CUB,2008,1029
Cuba,CUB,2009,993
Cuba,CUB,2010,935
Cuba,CUB,2011,883
Cuba,CUB,2012,938
Cuba,CUB,2013,907
Cuba,CUB,2014,960
Cuba,CUB,2015,1020
Cuba,CUB,2016,975
Cuba,CUB,2017,987
Cuba,CUB,2018,997
Cuba,CUB,2019,1007
Cyprus,CYP,2000,116
Cyprus,CYP,2001,113
Cyprus,CYP,2002,118
Cyprus,CYP,2003,117
Cyprus,CYP,2004,147
Cyprus,CYP,2005,129
Cyprus,CYP,2006,96
Cyprus,CYP,2007,118
Cyprus,CYP,2008,106
Cyprus,CYP,2009,102
Cyprus,CYP,2010,92
Cyprus,CYP,2011,88
Cyprus,CYP,2012,69
Cyprus,CYP,2013,57
Cyprus,CYP,2014,61
Cyprus,CYP,2015,78
Cyprus,CYP,2016,61
Cyprus,CYP,2017,70
Cyprus,CYP,2018,65
Cyprus,CYP,2019,69
Czechia,CZE,2000,1532
Czechia,CZE,2001,1374
Czechia,CZE,2002,1474
Czechia,CZE,2003,1492
Czechia,CZE,2004,1425
Czechia,CZE,2005,1326
Czechia,CZE,2006,1096
Czechia,CZE,2007,1260
Czechia,CZE,2008,1109
Czechia,CZE,2009,929
Czechia,CZE,2010,827
Czechia,CZE,2011,797
Czechia,CZE,2012,765
Czechia,CZE,2013,674
Czechia,CZE,2014,709
Czechia,CZE,2015,761
Czechia,CZE,2016,630
Czechia,CZE,2017,595
Czechia,CZE,2018,676
Czechia,CZE,2019,636
Democratic Republic of Congo,COD,2000,17950
Democratic Republic of Congo,COD,2001,18402
Democratic Republic of Congo,COD,2002,19214
Democratic Republic of Congo,COD,2003,19533
Democratic Republic of Congo,COD,2004,19391
Democratic Republic of Congo,COD,2005,20150
Democratic Republic of Congo,COD,2006,20716
Democratic Republic of Congo,COD,2007,21019
Democratic Republic of Congo,COD,2008,21598
Democratic Republic of Congo,COD,2009,22667
Democratic Republic of Congo,COD,2010,23258
Democratic Republic of Congo,COD,2011,23795
Democratic Republic of Congo,COD,2012,23497
Democratic Republic of Congo,COD,2013,24241
Democratic Republic of Congo,COD,2014,24786
Democratic Republic of Congo,COD,2015,25536
Democratic Republic of Congo,COD,2016,26529
Democratic Republic of Congo,COD,2017,27009
Democratic Republic of Congo,COD,2018,27709
Democratic Republic of Congo,COD,2019,30256
Denmark,DNK,2000,513
Denmark,DNK,2001,459
Denmark,DNK,2002,477
Denmark,DNK,2003,445
Denmark,DNK,2004,380
Denmark,DNK,2005,352
Denmark,DNK,2006,315
Denmark,DNK,2007,419
Denmark,DNK,2008,419
Denmark,DNK,2009,312
Denmark,DNK,2010,277
Denmark,DNK,2011,227
Denmark,DNK,2012,172
Denmark,DNK,2013,198
Denmark,DNK,2014,196
Denmark,DNK,2015,197
Denmark,DNK,2016,227
Denmark,DNK,2017,187
Denmark,DNK,2018,183
Denmark,DNK,2019,213
Djibouti,DJI,2000,197
Djibouti,DJI,2001,202
Djibouti,DJI,2002,205
Djibouti,DJI,2003,211
Djibouti,DJI,2004,213
Djibouti,DJI,2005,220
Djibouti,DJI,2006,222
Djibouti,DJI,2007,223
Djibouti,DJI,2008,224
Djibouti,DJI,2009,231
Djibouti,DJI,2010,237
Djibouti,DJI,2011,215
Djibouti,DJI,2012,205
Djibouti,DJI,2013,210
Djibouti,DJI,2014,214
Djibouti,DJI,2015,218
Djibouti,DJI,2016,221
Djibouti,DJI,2017,224
Djibouti,DJI,2018,226
Djibouti,DJI,2019,229
Dominican Republic,DOM,2000,2493
Dominican Republic,DOM,2001,2766
Dominican Republic,DOM,2002,3205
Dominican Republic,DOM,2003,3470
Dominican Republic,DOM,2004,3230
Dominican Republic,DOM,2005,2626
Dominican Republic,DOM,2006,2363
Dominican Republic,DOM,2007,2259
Dominican Republic,DOM,2008,2453
Dominican Republic,DOM,2009,2276
Dominican Republic,DOM,2010,2699
Dominican Republic,DOM,2011,2520
Dominican Republic,DOM,2012,3003
Dominican Republic,DOM,2013,4015
Dominican Republic,DOM,2014,3221
Dominican Republic,DOM,2015,3379
Dominican Republic,DOM,2016,3684
Dominican Republic,DOM,2017,4868
Dominican Republic,DOM,2018,5682
Dominican Republic,DOM,2019,6937
Ecuador,ECU,2000,1713
Ecuador,ECU,2001,1908
Ecuador,ECU,2002,1973
Ecuador,ECU,2003,2014
Ecuador,ECU,2004,1873
Ecuador,ECU,2005,2379
Ecuador,ECU,2006,2594
Ecuador,ECU,2007,2733
Ecuador,ECU,2008,2893
Ecuador,ECU,2009,3392
Ecuador,ECU,2010,3682
Ecuador,ECU,2011,3768
Ecuador,ECU,2012,3445
Ecuador,ECU,2013,3470
Ecuador,ECU,2014,3825
Ecuador,ECU,2015,3804
Ecuador,ECU,2016,3490
Ecuador,ECU,2017,3581
Ecuador,ECU,2018,3537
Ecuador,ECU,2019,3490
Egypt,EGY,2000,7734
Egypt,EGY,2001,7473
Egypt,EGY,2002,8222
Egypt,EGY,2003,8987
Egypt,EGY,2004,7954
Egypt,EGY,2005,8186
Egypt,EGY,2006,8514
Egypt,EGY,2007,9983
Egypt,EGY,2008,10489
Egypt,EGY,2009,10485
Egypt,EGY,2010,11328
Egypt,EGY,2011,10991
Egypt,EGY,2012,8851
Egypt,EGY,2013,9280
Egypt,EGY,2014,11156
Egypt,EGY,2015,10782
Egypt,EGY,2016,9287
Egypt,EGY,2017,10210
Egypt,EGY,2018,10178
Egypt,EGY,2019,10141
El Salvador,SLV,2000,2114
El Salvador,SLV,2001,2090
El Salvador,SLV,2002,1971
El Salvador,SLV,2003,2131
El Salvador,SLV,2004,2146
El Salvador,SLV,2005,1797
El Salvador,SLV,2006,2000
El Salvador,SLV,2007,1887
El Salvador,SLV,2008,1740
El Salvador,SLV,2009,1517
El Salvador,SLV,2010,1380
El Salvador,SLV,2011,1310
El Salvador,SLV,2012,1185
El Salvador,SLV,2013,1192
El Salvador,SLV,2014,1284
El Salvador,SLV,2015,1317
El Salvador,SLV,2016,1411
El Salvador,SLV,2017,1318
El Salvador,SLV,2018,1332
El Salvador,SLV,2019,1347
Equatorial Guinea,GNQ,2000,134
Equatorial Guinea,GNQ,2001,129
Equatorial Guinea,GNQ,2002,134
Equatorial Guinea,GNQ,2003,143
Equatorial Guinea,GNQ,2004,142
Equatorial Guinea,GNQ,2005,151
Equatorial Guinea,GNQ,2006,153
Equatorial Guinea,GNQ,2007,156
Equatorial Guinea,GNQ,2008,165
Equatorial Guinea,GNQ,2009,175
Equatorial Guinea,GNQ,2010,196
Equatorial Guinea,GNQ,2011,210
Equatorial Guinea,GNQ,2012,229
Equatorial Guinea,GNQ,2013,239
Equatorial Guinea,GNQ,2014,258
Equatorial Guinea,GNQ,2015,278
Equatorial Guinea,GNQ,2016,300
Equatorial Guinea,GNQ,2017,321
Equatorial Guinea,GNQ,2018,344
Equatorial Guinea,GNQ,2019,368
Eritrea,ERI,2000,718
Eritrea,ERI,2001,758
Eritrea,ERI,2002,815
Eritrea,ERI,2003,866
Eritrea,ERI,2004,912
Eritrea,ERI,2005,959
Eritrea,ERI,2006,982
Eritrea,ERI,2007,1012
Eritrea,ERI,2008,1038
Eritrea,ERI,2009,1060
Eritrea,ERI,2010,1078
Eritrea,ERI,2011,1081
Eritrea,ERI,2012,1096
Eritrea,ERI,2013,1133
Eritrea,ERI,2014,1159
Eritrea,ERI,2015,1235
Eritrea,ERI,2016,1255
Eritrea,ERI,2017,1260
Eritrea,ERI,2018,1292
Eritrea,ERI,2019,1326
Estonia,EST,2000,247
Estonia,EST,2001,222
Estonia,EST,2002,231
Estonia,EST,2003,187
Estonia,EST,2004,189
Estonia,EST,2005,199
Estonia,EST,2006,261
Estonia,EST,2007,229
Estonia,EST,2008,166
Estonia,EST,2009,117
Estonia,EST,2010,90
Estonia,EST,2011,108
Estonia,EST,2012,90
Estonia,EST,2013,94
Estonia,EST,2014,80
Estonia,EST,2015,84
Estonia,EST,2016,80
Estonia,EST,2017,54
Estonia,EST,2018,76
Estonia,EST,2019,59
Eswatini,SWZ,2000,300
Eswatini,SWZ,2001,303
Eswatini,SWZ,2002,301
Eswatini,SWZ,2003,307
Eswatini,SWZ,2004,312
Eswatini,SWZ,2005,308
Eswatini,SWZ,2006,296
Eswatini,SWZ,2007,300
Eswatini,SWZ,2008,304
Eswatini,SWZ,2009,314
Eswatini,SWZ,2010,320
Eswatini,SWZ,2011,332
Eswatini,SWZ,2012,329
Eswatini,SWZ,2013,334
Eswatini,SWZ,2014,341
Eswatini,SWZ,2015,348
Eswatini,SWZ,2016,361
Eswatini,SWZ,2017,367
Eswatini,SWZ,2018,375
Eswatini,SWZ,2019,384
Ethiopia,ETH,2000,16300
Ethiopia,ETH,2001,16666
Ethiopia,ETH,2002,17292
Ethiopia,ETH,2003,18130
Ethiopia,ETH,2004,18427
Ethiopia,ETH,2005,18730
Ethiopia,ETH,2006,18786
Ethiopia,ETH,2007,18967
Ethiopia,ETH,2008,19388
Ethiopia,ETH,2009,20036
Ethiopia,ETH,2010,20423
Ethiopia,ETH,2011,23474
Ethiopia,ETH,2012,24323
Ethiopia,ETH,2013,24580
Ethiopia,ETH,2014,25330
Ethiopia,ETH,2015,26255
Ethiopia,ETH,2016,27326
Ethiopia,ETH,2017,28702
Ethiopia,ETH,2018,30105
Ethiopia,ETH,2019,31564
Fiji,FJI,2000,79
Fiji,FJI,2001,65
Fiji,FJI,2002,61
Fiji,FJI,2003,127
Fiji,FJI,2004,107
Fiji,FJI,2005,107
Fiji,FJI,2006,124
Fiji,FJI,2007,92
Fiji,FJI,2008,106
Fiji,FJI,2009,62
Fiji,FJI,2010,84
Fiji,FJI,2011,76
Fiji,FJI,2012,66
Fiji,FJI,2013,59
Fiji,FJI,2014,70
Fiji,FJI,2015,93
Fiji,FJI,2016,86
Fiji,FJI,2017,97
Fiji,FJI,2018,108
Fiji,FJI,2019,120
Finland,FIN,2000,421
Finland,FIN,2001,462
Finland,FIN,2002,445
Finland,FIN,2003,413
Finland,FIN,2004,400
Finland,FIN,2005,391
Finland,FIN,2006,346
Finland,FIN,2007,396
Finland,FIN,2008,359
Finland,FIN,2009,307
Finland,FIN,2010,280
Finland,FIN,2011,301
Finland,FIN,2012,263
Finland,FIN,2013,268
Finland,FIN,2014,241
Finland,FIN,2015,278
Finland,FIN,2016,260
Finland,FIN,2017,245
Finland,FIN,2018,246
Finland,FIN,2019,215
France,FRA,2000,7880
France,FRA,2001,7959
France,FRA,2002,7467
France,FRA,2003,6064
France,FRA,2004,5409
France,FRA,2005,5483
France,FRA,2006,4855
France,FRA,2007,4763
France,FRA,2008,4408
France,FRA,2009,4405
France,FRA,2010,4116
France,FRA,2011,4086
France,FRA,2012,3766
France,FRA,2013,3369
France,FRA,2014,3489
France,FRA,2015,3568
France,FRA,2016,3585
France,FRA,2017,3555
France,FRA,2018,3349
France,FRA,2019,3339
Gabon,GAB,2000,261
Gabon,GAB,2001,296
Gabon,GAB,2002,302
Gabon,GAB,2003,305
Gabon,GAB,2004,340
Gabon,GAB,2005,311
Gabon,GAB,2006,343
Gabon,GAB,2007,367
Gabon,GAB,2008,368
Gabon,GAB,2009,395
Gabon,GAB,2010,394
Gabon,GAB,2011,410
Gabon,GAB,2012,421
Gabon,GAB,2013,429
Gabon,GAB,2014,429
Gabon,GAB,2015,446
Gabon,GAB,2016,464
Gabon,GAB,2017,494
Gabon,GAB,2018,504
Gabon,GAB,2019,518
Gambia,GMB,2000,339
Gambia,GMB,2001,347
Gambia,GMB,2002,362
Gambia,GMB,2003,370
Gambia,GMB,2004,388
Gambia,GMB,2005,405
Gambia,GMB,2006,425
Gambia,GMB,2007,435
Gambia,GMB,2008,449
Gambia,GMB,2009,457
Gambia,GMB,2010,475
Gambia,GMB,2011,496
Gambia,GMB,2012,503
Gambia,GMB,2013,524
Gambia,GMB,2014,552
Gambia,GMB,2015,579
Gambia,GMB,2016,605
Gambia,GMB,2017,634
Gambia,GMB,2018,664
Gambia,GMB,2019,695
Georgia,GEO,2000,516
Georgia,GEO,2001,575
Georgia,GEO,2002,531
Georgia,GEO,2003,591
Georgia,GEO,2004,657
Georgia,GEO,2005,599
Georgia,GEO,2006,696
Georgia,GEO,2007,760
Georgia,GEO,2008,894
Georgia,GEO,2009,764
Georgia,GEO,2010,706
Georgia,GEO,2011,542
Georgia,GEO,2012,624
Georgia,GEO,2013,530
Georgia,GEO,2014,585
Georgia,GEO,2015,634
Georgia,GEO,2016,599
Georgia,GEO,2017,533
Georgia,GEO,2018,473
Georgia,GEO,2019,496
Germany,DEU,2000,7830
Germany,DEU,2001,7287
Germany,DEU,2002,7176
Germany,DEU,2003,6842
Germany,DEU,2004,6106
Germany,DEU,2005,5625
Germany,DEU,2006,5350
Germany,DEU,2007,5166
Germany,DEU,2008,4685
Germany,DEU,2009,4320
Germany,DEU,2010,3885
Germany,DEU,2011,4260
Germany,DEU,2012,3804
Germany,DEU,2013,3559
Germany,DEU,2014,3499
Germany,DEU,2015,3566
Germany,DEU,2016,3327
Germany,DEU,2017,3301
Germany,DEU,2018,3399
Germany,DEU,2019,3160
Ghana,GHA,2000,4977
Ghana,GHA,2001,5095
Ghana,GHA,2002,5247
Ghana,GHA,2003,5320
Ghana,GHA,2004,5411
Ghana,GHA,2005,5567
Ghana,GHA,2006,5507
Ghana,GHA,2007,5511
Ghana,GHA,2008,5626
Ghana,GHA,2009,5772
Ghana,GHA,2010,5885
Ghana,GHA,2011,5941
Ghana,GHA,2012,6051
Ghana,GHA,2013,6233
Ghana,GHA,2014,6522
Ghana,GHA,2015,6783
Ghana,GHA,2016,7018
Ghana,GHA,2017,7257
Ghana,GHA,2018,7528
Ghana,GHA,2019,7808
Greece,GRC,2000,2200
Greece,GRC,2001,2031
Greece,GRC,2002,1832
Greece,GRC,2003,1773
Greece,GRC,2004,1965
Greece,GRC,2005,1860
Greece,GRC,2006,1793
Greece,GRC,2007,1795
Greece,GRC,2008,1712
Greece,GRC,2009,1636
Greece,GRC,2010,1428
Greece,GRC,2011,1327
Greece,GRC,2012,1213
Greece,GRC,2013,1109
Greece,GRC,2014,994
Greece,GRC,2015,988
Greece,GRC,2016,1026
Greece,GRC,2017,910
Greece,GRC,2018,872
Greece,GRC,2019,870
Grenada,GRD,2000,5
Grenada,GRD,2001,7
Grenada,GRD,2002,8
Grenada,GRD,2003,2
Grenada,GRD,2004,2
Grenada,GRD,2005,13
Grenada,GRD,2006,16
Grenada,GRD,2007,8
Grenada,GRD,2008,12
Grenada,GRD,2009,4
Grenada,GRD,2010,6
Grenada,GRD,2011,9
Grenada,GRD,2012,4
Grenada,GRD,2013,9
Grenada,GRD,2014,5
Grenada,GRD,2015,9
Grenada,GRD,2016,10
Grenada,GRD,2017,8
Grenada,GRD,2018,9
Grenada,GRD,2019,9
Guatemala,GTM,2000,798
Guatemala,GTM,2001,670
Guatemala,GTM,2002,589
Guatemala,GTM,2003,610
Guatemala,GTM,2004,634
Guatemala,GTM,2005,573
Guatemala,GTM,2006,618
Guatemala,GTM,2007,2752
Guatemala,GTM,2008,2329
Guatemala,GTM,2009,2243
Guatemala,GTM,2010,1958
Guatemala,GTM,2011,1639
Guatemala,GTM,2012,1757
Guatemala,GTM,2013,2038
Guatemala,GTM,2014,2044
Guatemala,GTM,2015,2275
Guatemala,GTM,2016,2758
Guatemala,GTM,2017,3063
Guatemala,GTM,2018,3512
Guatemala,GTM,2019,4026
Guinea,GIN,2000,2562
Guinea,GIN,2001,2583
Guinea,GIN,2002,2592
Guinea,GIN,2003,2655
Guinea,GIN,2004,2729
Guinea,GIN,2005,2795
Guinea,GIN,2006,2856
Guinea,GIN,2007,2958
Guinea,GIN,2008,2990
Guinea,GIN,2009,3050
Guinea,GIN,2010,3160
Guinea,GIN,2011,3192
Guinea,GIN,2012,3134
Guinea,GIN,2013,3214
Guinea,GIN,2014,3324
Guinea,GIN,2015,3423
Guinea,GIN,2016,3490
Guinea,GIN,2017,3595
Guinea,GIN,2018,3690
Guinea,GIN,2019,3788
Guinea-Bissau,GNB,2000,368
Guinea-Bissau,GNB,2001,373
Guinea-Bissau,GNB,2002,384
Guinea-Bissau,GNB,2003,405
Guinea-Bissau,GNB,2004,414
Guinea-Bissau,GNB,2005,423
Guinea-Bissau,GNB,2006,432
Guinea-Bissau,GNB,2007,445
Guinea-Bissau,GNB,2008,450
Guinea-Bissau,GNB,2009,464
Guinea-Bissau,GNB,2010,479
Guinea-Bissau,GNB,2011,487
Guinea-Bissau,GNB,2012,499
Guinea-Bissau,GNB,2013,519
Guinea-Bissau,GNB,2014,545
Guinea-Bissau,GNB,2015,557
Guinea-Bissau,GNB,2016,565
Guinea-Bissau,GNB,2017,586
Guinea-Bissau,GNB,2018,602
Guinea-Bissau,GNB,2019,619
Guyana,GUY,2000,196
Guyana,GUY,2001,181
Guyana,GUY,2002,179
Guyana,GUY,2003,209
Guyana,GUY,2004,217
Guyana,GUY,2005,213
Guyana,GUY,2006,248
Guyana,GUY,2007,266
Guyana,GUY,2008,172
Guyana,GUY,2009,117
Guyana,GUY,2010,135
Guyana,GUY,2011,196
Guyana,GUY,2012,155
Guyana,GUY,2013,150
Guyana,GUY,2014,217
Guyana,GUY,2015,187
Guyana,GUY,2016,190
Guyana,GUY,2017,176
Guyana,GUY,2018,176
Guyana,GUY,2019,175
Haiti,HTI,2000,1478
Haiti,HTI,2001,1610
Haiti,HTI,2002,1658
Haiti,HTI,2003,1720
Haiti,HTI,2004,1709
Haiti,HTI,2005,1704
Haiti,HTI,2006,1742
Haiti,HTI,2007,1759
Haiti,HTI,2008,1778
Haiti,HTI,2009,1788
Haiti,HTI,2010,1864
Haiti,HTI,2011,1884
Haiti,HTI,2012,1833
Haiti,HTI,2013,1836
Haiti,HTI,2014,1884
Haiti,HTI,2015,1924
Haiti,HTI,2016,1980
Haiti,HTI,2017,2023
Haiti,HTI,2018,2068
Haiti,HTI,2019,2115
Honduras,HND,2000,1015
Honduras,HND,2001,1048
Honduras,HND,2002,1105
Honduras,HND,2003,1132
Honduras,HND,2004,1161
Honduras,HND,2005,1182
Honduras,HND,2006,1207
Honduras,HND,2007,1224
Honduras,HND,2008,1282
Honduras,HND,2009,1329
Honduras,HND,2010,1362
Honduras,HND,2011,1384
Honduras,HND,2012,1412
Honduras,HND,2013,1445
Honduras,HND,2014,1446
Honduras,HND,2015,1461
Honduras,HND,2016,1517
Honduras,HND,2017,1527
Honduras,HND,2018,1546
Honduras,HND,2019,1572
Hungary,HUN,2000,1293
Hungary,HUN,2001,1380
Hungary,HUN,2002,1642
Hungary,HUN,2003,1533
Hungary,HUN,2004,1533
Hungary,HUN,2005,1492
Hungary,HUN,2006,1539
Hungary,HUN,2007,1474
Hungary,HUN,2008,1227
Hungary,HUN,2009,1039
Hungary,HUN,2010,914
Hungary,HUN,2011,843
Hungary,HUN,2012,812
Hungary,HUN,2013,767
Hungary,HUN,2014,783
Hungary,HUN,2015,767
Hungary,HUN,2016,756
Hungary,HUN,2017,778
Hungary,HUN,2018,789
Hungary,HUN,2019,750
Iceland,ISL,2000,33
Iceland,ISL,2001,27
Iceland,ISL,2002,30
Iceland,ISL,2003,24
Iceland,ISL,2004,24
Iceland,ISL,2005,20
Iceland,ISL,2006,32
Iceland,ISL,2007,15
Iceland,ISL,2008,14
Iceland,ISL,2009,18
Iceland,ISL,2010,8
Iceland,ISL,2011,14
Iceland,ISL,2012,11
Iceland,ISL,2013,16
Iceland,ISL,2014,6
Iceland,ISL,2015,16
Iceland,ISL,2016,22
Iceland,ISL,2017,19
Iceland,ISL,2018,23
Iceland,ISL,2019,7
India,IND,2000,178132
India,IND,2001,178818
India,IND,2002,178686
India,IND,2003,175576
India,IND,2004,176179
India,IND,2005,182346
India,IND,2006,189902
India,IND,2007,197124
India,IND,2008,205913
India,IND,2009,207613
India,IND,2010,212091
India,IND,2011,217929
India,IND,2012,222797
India,IND,2013,217778
India,IND,2014,208670
India,IND,2015,204523
India,IND,2016,202999
India,IND,2017,202927
India,IND,2018,210086
India,IND,2019,212596
Indonesia,IDN,2000,30615
Indonesia,IDN,2001,31348
Indonesia,IDN,2002,32094
Indonesia,IDN,2003,31928
Indonesia,IDN,2004,32129
Indonesia,IDN,2005,32359
Indonesia,IDN,2006,32467
Indonesia,IDN,2007,31754
Indonesia,IDN,2008,31900
Indonesia,IDN,2009,33175
Indonesia,IDN,2010,33035
Indonesia,IDN,2011,33730
Indonesia,IDN,2012,32414
Indonesia,IDN,2013,32488
Indonesia,IDN,2014,32511
Indonesia,IDN,2015,31718
Indonesia,IDN,2016,31766
Indonesia,IDN,2017,31347
Indonesia,IDN,2018,31012
Indonesia,IDN,2019,30668
Iran,IRN,2000,17588
Iran,IRN,2001,20339
Iran,IRN,2002,22551
Iran,IRN,2003,26519
Iran,IRN,2004,26898
Iran,IRN,2005,28606
Iran,IRN,2006,28422
Iran,IRN,2007,23628
Iran,IRN,2008,24086
Iran,IRN,2009,23686
Iran,IRN,2010,23970
Iran,IRN,2011,20690
Iran,IRN,2012,19681
Iran,IRN,2013,18552
Iran,IRN,2014,17395
Iran,IRN,2015,17098
Iran,IRN,2016,16426
Iran,IRN,2017,16703
Iran,IRN,2018,17716
Iran,IRN,2019,17803
Iraq,IRQ,2000,4870
Iraq,IRQ,2001,4995
Iraq,IRQ,2002,5210
Iraq,IRQ,2003,5644
Iraq,IRQ,2004,5541
Iraq,IRQ,2005,5203
Iraq,IRQ,2006,5384
Iraq,IRQ,2007,5648
Iraq,IRQ,2008,5982
Iraq,IRQ,2009,6083
Iraq,IRQ,2010,6206
Iraq,IRQ,2011,5672
Iraq,IRQ,2012,5996
Iraq,IRQ,2013,5977
Iraq,IRQ,2014,7060
Iraq,IRQ,2015,7278
Iraq,IRQ,2016,7468
Iraq,IRQ,2017,7671
Iraq,IRQ,2018,10423
Iraq,IRQ,2019,10726
Ireland,IRL,2000,431
Ireland,IRL,2001,425
Ireland,IRL,2002,390
Ireland,IRL,2003,347
Ireland,IRL,2004,389
Ireland,IRL,2005,412
Ireland,IRL,2006,376
Ireland,IRL,2007,348
Ireland,IRL,2008,288
Ireland,IRL,2009,268
Ireland,IRL,2010,219
Ireland,IRL,2011,192
Ireland,IRL,2012,168
Ireland,IRL,2013,194
Ireland,IRL,2014,199
Ireland,IRL,2015,167
Ireland,IRL,2016,194
Ireland,IRL,2017,162
Ireland,IRL,2018,146
Ireland,IRL,2019,153
Israel,ISR,2000,475
Israel,ISR,2001,559
Israel,ISR,2002,536
Israel,ISR,2003,465
Israel,ISR,2004,495
Israel,ISR,2005,462
Israel,ISR,2006,427
Israel,ISR,2007,394
Israel,ISR,2008,416
Israel,ISR,2009,320
Israel,ISR,2010,363
Israel,ISR,2011,352
Israel,ISR,2012,271
Israel,ISR,2013,286
Israel,ISR,2014,279
Israel,ISR,2015,332
Israel,ISR,2016,345
Israel,ISR,2017,331
Israel,ISR,2018,285
Israel,ISR,2019,333
Italy,ITA,2000,7898
Italy,ITA,2001,7922
Italy,ITA,2002,7626
Italy,ITA,2003,6766
Italy,ITA,2004,6312
Italy,ITA,2005,5998
Italy,ITA,2006,6007
Italy,ITA,2007,5685
Italy,ITA,2008,5229
Italy,ITA,2009,4747
Italy,ITA,2010,4343
Italy,ITA,2011,4276
Italy,ITA,2012,3902
Italy,ITA,2013,3506
Italy,ITA,2014,3529
Italy,ITA,2015,3559
Italy,ITA,2016,3333
Italy,ITA,2017,3429
Italy,ITA,2018,3384
Italy,ITA,2019,3221
Jamaica,JAM,2000,332
Jamaica,JAM,2001,360
Jamaica,JAM,2002,390
Jamaica,JAM,2003,369
Jamaica,JAM,2004,338
Jamaica,JAM,2005,339
Jamaica,JAM,2006,388
Jamaica,JAM,2007,350
Jamaica,JAM,2008,344
Jamaica,JAM,2009,355
Jamaica,JAM,2010,320
Jamaica,JAM,2011,365
Jamaica,JAM,2012,259
Jamaica,JAM,2013,306
Jamaica,JAM,2014,331
Jamaica,JAM,2015,384
Jamaica,JAM,2016,381
Jamaica,JAM,2017,394
Jamaica,JAM,2018,419
Jamaica,JAM,2019,444
Japan,JPN,2000,15911
Japan,JPN,2001,15414
Japan,JPN,2002,14504
Japan,JPN,2003,13526
Japan,JPN,2004,12930
Japan,JPN,2005,12040
Japan,JPN,2006,10981
Japan,JPN,2007,7945
Japan,JPN,2008,7101
Japan,JPN,2009,6888
Japan,JPN,2010,6844
Japan,JPN,2011,6381
Japan,JPN,2012,6117
Japan,JPN,2013,5781
Japan,JPN,2014,5417
Japan,JPN,2015,5395
Japan,JPN,2016,5224
Japan,JPN,2017,4944
Japan,JPN,2018,4648
Japan,JPN,2019,4566
Jordan,JOR,2000,1190
Jordan,JOR,2001,1215
Jordan,JOR,2002,1245
Jordan,JOR,2003,1242
Jordan,JOR,2004,1270
Jordan,JOR,2005,1302
Jordan,JOR,2006,1336
Jordan,JOR,2007,1386
Jordan,JOR,2008,1437
Jordan,JOR,2009,1535
Jordan,JOR,2010,1630
Jordan,JOR,2011,1942
Jordan,JOR,2012,1916
Jordan,JOR,2013,2033
Jordan,JOR,2014,2133
Jordan,JOR,2015,2220
Jordan,JOR,2016,2306
Jordan,JOR,2017,2106
Jordan,JOR,2018,1757
Jordan,JOR,2019,1717
Kazakhstan,KAZ,2000,2119
Kazakhstan,KAZ,2001,2421
Kazakhstan,KAZ,2002,2485
Kazakhstan,KAZ,2003,2839
Kazakhstan,KAZ,2004,3876
Kazakhstan,KAZ,2005,4793
Kazakhstan,KAZ,2006,6188
Kazakhstan,KAZ,2007,6209
Kazakhstan,KAZ,2008,4637
Kazakhstan,KAZ,2009,4099
Kazakhstan,KAZ,2010,4217
Kazakhstan,KAZ,2011,3961
Kazakhstan,KAZ,2012,3953
Kazakhstan,KAZ,2013,3875
Kazakhstan,KAZ,2014,3338
Kazakhstan,KAZ,2015,3231
Kazakhstan,KAZ,2016,3158
Kazakhstan,KAZ,2017,2510
Kazakhstan,KAZ,2018,2522
Kazakhstan,KAZ,2019,2352
Kenya,KEN,2000,8452
Kenya,KEN,2001,8695
Kenya,KEN,2002,8953
Kenya,KEN,2003,9071
Kenya,KEN,2004,9229
Kenya,KEN,2005,9621
Kenya,KEN,2006,9717
Kenya,KEN,2007,9967
Kenya,KEN,2008,10311
Kenya,KEN,2009,10655
Kenya,KEN,2010,10793
Kenya,KEN,2011,11102
Kenya,KEN,2012,11783
Kenya,KEN,2013,12031
Kenya,KEN,2014,12440
Kenya,KEN,2015,13071
Kenya,KEN,2016,13463
Kenya,KEN,2017,13904
Kenya,KEN,2018,14387
Kenya,KEN,2019,14883
Kiribati,KIR,2000,7
Kiribati,KIR,2001,6
Kiribati,KIR,2002,7
Kiribati,KIR,2003,17
Kiribati,KIR,2004,17
Kiribati,KIR,2005,10
Kiribati,KIR,2006,17
Kiribati,KIR,2007,6
Kiribati,KIR,2008,2
Kiribati,KIR,2009,5
Kiribati,KIR,2010,6
Kiribati,KIR,2011,2
Kiribati,KIR,2012,6
Kiribati,KIR,2013,1
Kiribati,KIR,2014,5
Kiribati,KIR,2015,4
Kiribati,KIR,2016,5
Kiribati,KIR,2017,3
Kiribati,KIR,2018,2
Kiribati,KIR,2019,2
Kuwait,KWT,2000,534
Kuwait,KWT,2001,497
Kuwait,KWT,2002,503
Kuwait,KWT,2003,562
Kuwait,KWT,2004,560
Kuwait,KWT,2005,669
Kuwait,KWT,2006,689
Kuwait,KWT,2007,739
Kuwait,KWT,2008,756
Kuwait,KWT,2009,722
Kuwait,KWT,2010,601
Kuwait,KWT,2011,701
Kuwait,KWT,2012,828
Kuwait,KWT,2013,761
Kuwait,KWT,2014,703
Kuwait,KWT,2015,723
Kuwait,KWT,2016,715
Kuwait,KWT,2017,693
Kuwait,KWT,2018,672
Kuwait,KWT,2019,649
Kyrgyzstan,KGZ,2000,611
Kyrgyzstan,KGZ,2001,703
Kyrgyzstan,KGZ,2002,731
Kyrgyzstan,KGZ,2003,897
Kyrgyzstan,KGZ,2004,943
Kyrgyzstan,KGZ,2005,893
Kyrgyzstan,KGZ,2006,1051
Kyrgyzstan,KGZ,2007,1128
Kyrgyzstan,KGZ,2008,1146
Kyrgyzstan,KGZ,2009,1061
Kyrgyzstan,KGZ,2010,977
Kyrgyzstan,KGZ,2011,1065
Kyrgyzstan,KGZ,2012,1074
Kyrgyzstan,KGZ,2013,1156
Kyrgyzstan,KGZ,2014,1011
Kyrgyzstan,KGZ,2015,1042
Kyrgyzstan,KGZ,2016,916
Kyrgyzstan,KGZ,2017,1023
Kyrgyzstan,KGZ,2018,808
Kyrgyzstan,KGZ,2019,812
Laos,LAO,2000,733
Laos,LAO,2001,724
Laos,LAO,2002,749
Laos,LAO,2003,766
Laos,LAO,2004,784
Laos,LAO,2005,804
Laos,LAO,2006,814
Laos,LAO,2007,842
Laos,LAO,2008,853
Laos,LAO,2009,874
Laos,LAO,2010,894
Laos,LAO,2011,890
Laos,LAO,2012,916
Laos,LAO,2013,938
Laos,LAO,2014,1087
Laos,LAO,2015,1026
Laos,LAO,2016,1120
Laos,LAO,2017,1167
Laos,LAO,2018,1223
Laos,LAO,2019,1281
Latvia,LVA,2000,695
Latvia,LVA,2001,610
Latvia,LVA,2002,601
Latvia,LVA,2003,568
Latvia,LVA,2004,536
Latvia,LVA,2005,481
Latvia,LVA,2006,445
Latvia,LVA,2007,442
Latvia,LVA,2008,402
Latvia,LVA,2009,263
Latvia,LVA,2010,251
Latvia,LVA,2011,188
Latvia,LVA,2012,208
Latvia,LVA,2013,202
Latvia,LVA,2014,250
Latvia,LVA,2015,223
Latvia,LVA,2016,184
Latvia,LVA,2017,158
Latvia,LVA,2018,175
Latvia,LVA,2019,154
Lebanon,LBN,2000,737
Lebanon,LBN,2001,749
Lebanon,LBN,2002,767
Lebanon,LBN,2003,793
Lebanon,LBN,2004,801
Lebanon,LBN,2005,799
Lebanon,LBN,2006,780
Lebanon,LBN,2007,711
Lebanon,LBN,2008,706
Lebanon,LBN,2009,711
Lebanon,LBN,2010,724
Lebanon,LBN,2011,772
Lebanon,LBN,2012,879
Lebanon,LBN,2013,943
Lebanon,LBN,2014,1008
Lebanon,LBN,2015,1058
Lebanon,LBN,2016,1090
Lebanon,LBN,2017,1114
Lebanon,LBN,2018,1117
Lebanon,LBN,2019,1127
Lesotho,LSO,2000,549
Lesotho,LSO,2001,553
Lesotho,LSO,2002,568
Lesotho,LSO,2003,567
Lesotho,LSO,2004,546
Lesotho,LSO,2005,550
Lesotho,LSO,2006,553
Lesotho,LSO,2007,553
Lesotho,LSO,2008,549
Lesotho,LSO,2009,552
Lesotho,LSO,2010,552
Lesotho,LSO,2011,550
Lesotho,LSO,2012,575
Lesotho,LSO,2013,584
Lesotho,LSO,2014,603
Lesotho,LSO,2015,621
Lesotho,LSO,2016,639
Lesotho,LSO,2017,890
Lesotho,LSO,2018,667
Lesotho,LSO,2019,678
Liberia,LBR,2000,1011
Liberia,LBR,2001,1046
Liberia,LBR,2002,1052
Liberia,LBR,2003,1154
Liberia,LBR,2004,1171
Liberia,LBR,2005,1175
Liberia,LBR,2006,1155
Liberia,LBR,2007,1163
Liberia,LBR,2008,1222
Liberia,LBR,2009,1254
Liberia,LBR,2010,1288
Liberia,LBR,2011,1322
Liberia,LBR,2012,1405
Liberia,LBR,2013,1450
Liberia,LBR,2014,1517
Liberia,LBR,2015,1574
Liberia,LBR,2016,1657
Liberia,LBR,2017,1740
Liberia,LBR,2018,1828
Liberia,LBR,2019,1920
Libya,LBY,2000,1104
Libya,LBY,2001,1150
Libya,LBY,2002,1188
Libya,LBY,2003,1187
Libya,LBY,2004,1212
Libya,LBY,2005,1222
Libya,LBY,2006,1254
Libya,LBY,2007,1265
Libya,LBY,2008,1276
Libya,LBY,2009,1343
Libya,LBY,2010,1363
Libya,LBY,2011,1639
Libya,LBY,2012,1399
Libya,LBY,2013,1455
Libya,LBY,2014,1503
Libya,LBY,2015,1558
Libya,LBY,2016,1635
Libya,LBY,2017,1403
Libya,LBY,2018,1247
Libya,LBY,2019,1444
Lithuania,LTU,2000,798
Lithuania,LTU,2001,765
Lithuania,LTU,2002,783
Lithuania,LTU,2003,804
Lithuania,LTU,2004,798
Lithuania,LTU,2005,855
Lithuania,LTU,2006,881
Lithuania,LTU,2007,867
Lithuania,LTU,2008,587
Lithuania,LTU,2009,430
Lithuania,LTU,2010,377
Lithuania,LTU,2011,363
Lithuania,LTU,2012,394
Lithuania,LTU,2013,292
Lithuania,LTU,2014,333
Lithuania,LTU,2015,307
Lithuania,LTU,2016,234
Lithuania,LTU,2017,233
Lithuania,LTU,2018,210
Lithuania,LTU,2019,225
Luxembourg,LUX,2000,78
Luxembourg,LUX,2001,72
Luxembourg,LUX,2002,64
Luxembourg,LUX,2003,55
Luxembourg,LUX,2004,52
Luxembourg,LUX,2005,48
Luxembourg,LUX,2006,44
Luxembourg,LUX,2007,46
Luxembourg,LUX,2008,36
Luxembourg,LUX,2009,49
Luxembourg,LUX,2010,33
Luxembourg,LUX,2011,34
Luxembourg,LUX,2012,34
Luxembourg,LUX,2013,45
Luxembourg,LUX,2014,36
Luxembourg,LUX,2015,37
Luxembourg,LUX,2016,36
Luxembourg,LUX,2017,28
Luxembourg,LUX,2018,40
Luxembourg,LUX,2019,25
Madagascar,MDG,2000,4198
Madagascar,MDG,2001,4242
Madagascar,MDG,2002,4487
Madagascar,MDG,2003,4569
Madagascar,MDG,2004,4701
Madagascar,MDG,2005,4741
Madagascar,MDG,2006,4860
Madagascar,MDG,2007,4968
Madagascar,MDG,2008,5096
Madagascar,MDG,2009,5401
Madagascar,MDG,2010,5652
Madagascar,MDG,2011,5862
Madagascar,MDG,2012,6115
Madagascar,MDG,2013,6367
Madagascar,MDG,2014,6630
Madagascar,MDG,2015,6868
Madagascar,MDG,2016,7108
Madagascar,MDG,2017,7366
Madagascar,MDG,2018,7625
Madagascar,MDG,2019,7880
Malawi,MWI,2000,3480
Malawi,MWI,2001,3700
Malawi,MWI,2002,3893
Malawi,MWI,2003,3917
Malawi,MWI,2004,4050
Malawi,MWI,2005,4158
Malawi,MWI,2006,4204
Malawi,MWI,2007,4238
Malawi,MWI,2008,4300
Malawi,MWI,2009,4360
Malawi,MWI,2010,4448
Malawi,MWI,2011,4521
Malawi,MWI,2012,4854
Malawi,MWI,2013,5041
Malawi,MWI,2014,5232
Malawi,MWI,2015,5421
Malawi,MWI,2016,5601
Malawi,MWI,2017,5804
Malawi,MWI,2018,6009
Malawi,MWI,2019,6221
Malaysia,MYS,2000,6222
Malaysia,MYS,2001,6030
Malaysia,MYS,2002,6074
Malaysia,MYS,2003,6481
Malaysia,MYS,2004,6421
Malaysia,MYS,2005,6392
Malaysia,MYS,2006,6482
Malaysia,MYS,2007,6477
Malaysia,MYS,2008,6729
Malaysia,MYS,2009,6954
Malaysia,MYS,2010,7085
Malaysia,MYS,2011,7090
Malaysia,MYS,2012,7131
Malaysia,MYS,2013,7129
Malaysia,MYS,2014,6881
Malaysia,MYS,2015,6914
Malaysia,MYS,2016,7374
Malaysia,MYS,2017,7123
Malaysia,MYS,2018,7153
Malaysia,MYS,2019,7181
Maldives,MDV,2000,5
Maldives,MDV,2001,2
Maldives,MDV,2002,6
Maldives,MDV,2003,2
Maldives,MDV,2004,5
Maldives,MDV,2005,16
Maldives,MDV,2006,8
Maldives,MDV,2007,12
Maldives,MDV,2008,7
Maldives,MDV,2009,9
Maldives,MDV,2010,11
Maldives,MDV,2011,9
Maldives,MDV,2012,5
Maldives,MDV,2013,12
Maldives,MDV,2014,11
Maldives,MDV,2015,12
Maldives,MDV,2016,4
Maldives,MDV,2017,9
Maldives,MDV,2018,9
Maldives,MDV,2019,9
Mali,MLI,2000,2798
Mali,MLI,2001,2800
Mali,MLI,2002,2880
Mali,MLI,2003,2940
Mali,MLI,2004,3026
Mali,MLI,2005,3085
Mali,MLI,2006,3156
Mali,MLI,2007,3247
Mali,MLI,2008,3382
Mali,MLI,2009,3533
Mali,MLI,2010,3643
Mali,MLI,2011,3728
Mali,MLI,2012,3784
Mali,MLI,2013,3893
Mali,MLI,2014,3966
Mali,MLI,2015,4054
Mali,MLI,2016,4159
Mali,MLI,2017,4256
Mali,MLI,2018,4359
Mali,MLI,2019,4465
Malta,MLT,2000,18
Malta,MLT,2001,19
Malta,MLT,2002,16
Malta,MLT,2003,18
Malta,MLT,2004,14
Malta,MLT,2005,17
Malta,MLT,2006,10
Malta,MLT,2007,16
Malta,MLT,2008,18
Malta,MLT,2009,22
Malta,MLT,2010,16
Malta,MLT,2011,20
Malta,MLT,2012,12
Malta,MLT,2013,20
Malta,MLT,2014,10
Malta,MLT,2015,12
Malta,MLT,2016,26
Malta,MLT,2017,21
Malta,MLT,2018,20
Malta,MLT,2019,18
Mauritania,MRT,2000,686
Mauritania,MRT,2001,700
Mauritania,MRT,2002,720
Mauritania,MRT,2003,738
Mauritania,MRT,2004,784
Mauritania,MRT,2005,800
Mauritania,MRT,2006,810
Mauritania,MRT,2007,822
Mauritania,MRT,2008,866
Mauritania,MRT,2009,889
Mauritania,MRT,2010,922
Mauritania,MRT,2011,940
Mauritania,MRT,2012,943
Mauritania,MRT,2013,972
Mauritania,MRT,2014,1006
Mauritania,MRT,2015,1042
Mauritania,MRT,2016,1064
Mauritania,MRT,2017,1099
Mauritania,MRT,2018,1129
Mauritania,MRT,2019,1158
Mauritius,MUS,2000,191
Mauritius,MUS,2001,167
Mauritius,MUS,2002,227
Mauritius,MUS,2003,186
Mauritius,MUS,2004,187
Mauritius,MUS,2005,142
Mauritius,MUS,2006,154
Mauritius,MUS,2007,157
Mauritius,MUS,2008,190
Mauritius,MUS,2009,150
Mauritius,MUS,2010,166
Mauritius,MUS,2011,188
Mauritius,MUS,2012,176
Mauritius,MUS,2013,153
Mauritius,MUS,2014,165
Mauritius,MUS,2015,174
Mauritius,MUS,2016,173
Mauritius,MUS,2017,159
Mauritius,MUS,2018,157
Mauritius,MUS,2019,155
Mexico,MEX,2000,14028
Mexico,MEX,2001,14016
Mexico,MEX,2002,14626
Mexico,MEX,2003,15444
Mexico,MEX,2004,15629
Mexico,MEX,2005,16579
Mexico,MEX,2006,16769
Mexico,MEX,2007,15349
Mexico,MEX,2008,17062
Mexico,MEX,2009,17820
Mexico,MEX,2010,16559
Mexico,MEX,2011,16615
Mexico,MEX,2012,17102
Mexico,MEX,2013,15856
Mexico,MEX,2014,16009
Mexico,MEX,2015,16574
Mexico,MEX,2016,16725
Mexico,MEX,2017,16395
Mexico,MEX,2018,16348
Mexico,MEX,2019,16303
Micronesia (country),FSM,2000,16
Micronesia (country),FSM,2001,16
Micronesia (country),FSM,2002,16
Micronesia (country),FSM,2003,16
Micronesia (country),FSM,2004,5
Micronesia (country),FSM,2005,0
Micronesia (country),FSM,2006,2
Micronesia (country),FSM,2007,3
Micronesia (country),FSM,2008,2
Micronesia (country),FSM,2009,4
Micronesia (country),FSM,2010,3
Micronesia (country),FSM,2011,0
Micronesia (country),FSM,2012,0
Micronesia (country),FSM,2013,2
Micronesia (country),FSM,2014,1
Micronesia (country),FSM,2015,1
Micronesia (country),FSM,2016,2
Micronesia (country),FSM,2017,0
Micronesia (country),FSM,2018,0
Micronesia (country),FSM,2019,0
Moldova,MDA,2000,571
Moldova,MDA,2001,662
Moldova,MDA,2002,650
Moldova,MDA,2003,665
Moldova,MDA,2004,695
Moldova,MDA,2005,644
Moldova,MDA,2006,615
Moldova,MDA,2007,704
Moldova,MDA,2008,670
Moldova,MDA,2009,565
Moldova,MDA,2010,538
Moldova,MDA,2011,556
Moldova,MDA,2012,564
Moldova,MDA,2013,439
Moldova,MDA,2014,459
Moldova,MDA,2015,422
Moldova,MDA,2016,394
Moldova,MDA,2017,343
Moldova,MDA,2018,311
Moldova,MDA,2019,293
Mongolia,MNG,2000,380
Mongolia,MNG,2001,385
Mongolia,MNG,2002,538
Mongolia,MNG,2003,391
Mongolia,MNG,2004,526
Mongolia,MNG,2005,549
Mongolia,MNG,2006,554
Mongolia,MNG,2007,579
Mongolia,MNG,2008,516
Mongolia,MNG,2009,469
Mongolia,MNG,2010,506
Mongolia,MNG,2011,563
Mongolia,MNG,2012,611
Mongolia,MNG,2013,597
Mongolia,MNG,2014,700
Mongolia,MNG,2015,583
Mongolia,MNG,2016,499
Mongolia,MNG,2017,646
Mongolia,MNG,2018,662
Mongolia,MNG,2019,679
Montenegro,MNE,2000,87
Montenegro,MNE,2001,108
Montenegro,MNE,2002,84
Montenegro,MNE,2003,87
Montenegro,MNE,2004,94
Montenegro,MNE,2005,98
Montenegro,MNE,2006,88
Montenegro,MNE,2007,126
Montenegro,MNE,2008,115
Montenegro,MNE,2009,103
Montenegro,MNE,2010,98
Montenegro,MNE,2011,60
Montenegro,MNE,2012,47
Montenegro,MNE,2013,76
Montenegro,MNE,2014,67
Montenegro,MNE,2015,53
Montenegro,MNE,2016,67
Montenegro,MNE,2017,65
Montenegro,MNE,2018,49
Montenegro,MNE,2019,48
Morocco,MAR,2000,6870
Morocco,MAR,2001,6937
Morocco,MAR,2002,7069
Morocco,MAR,2003,7165
Morocco,MAR,2004,7156
Morocco,MAR,2005,7301
Morocco,MAR,2006,7376
Morocco,MAR,2007,7411
Morocco,MAR,2008,7482
Morocco,MAR,2009,7554
Morocco,MAR,2010,7568
Morocco,MAR,2011,6848
Morocco,MAR,2012,6761
Morocco,MAR,2013,6770
Morocco,MAR,2014,6784
Morocco,MAR,2015,6841
Morocco,MAR,2016,6917
Morocco,MAR,2017,6811
Morocco,MAR,2018,6369
Morocco,MAR,2019,6185
Mozambique,MOZ,2000,6017
Mozambique,MOZ,2001,6180
Mozambique,MOZ,2002,6365
Mozambique,MOZ,2003,6485
Mozambique,MOZ,2004,6591
Mozambique,MOZ,2005,6626
Mozambique,MOZ,2006,6739
Mozambique,MOZ,2007,6772
Mozambique,MOZ,2008,6994
Mozambique,MOZ,2009,7093
Mozambique,MOZ,2010,7231
Mozambique,MOZ,2011,7356
Mozambique,MOZ,2012,7556
Mozambique,MOZ,2013,7741
Mozambique,MOZ,2014,8001
Mozambique,MOZ,2015,8305
Mozambique,MOZ,2016,8665
Mozambique,MOZ,2017,8645
Mozambique,MOZ,2018,8878
Mozambique,MOZ,2019,9117
Myanmar,MMR,2000,9767
Myanmar,MMR,2001,9737
Myanmar,MMR,2002,9724
Myanmar,MMR,2003,9660
Myanmar,MMR,2004,9576
Myanmar,MMR,2005,9446
Myanmar,MMR,2006,9353
Myanmar,MMR,2007,9450
Myanmar,MMR,2008,9598
Myanmar,MMR,2009,9618
Myanmar,MMR,2010,9655
Myanmar,MMR,2011,9691
Myanmar,MMR,2012,10036
Myanmar,MMR,2013,10105
Myanmar,MMR,2014,10257
Myanmar,MMR,2015,10394
Myanmar,MMR,2016,10540
Myanmar,MMR,2017,10694
Myanmar,MMR,2018,10847
Myanmar,MMR,2019,11004
Namibia,NAM,2000,404
Namibia,NAM,2001,416
Namibia,NAM,2002,430
Namibia,NAM,2003,428
Namibia,NAM,2004,420
Namibia,NAM,2005,425
Namibia,NAM,2006,465
Namibia,NAM,2007,432
Namibia,NAM,2008,434
Namibia,NAM,2009,558
Namibia,NAM,2010,556
Namibia,NAM,2011,516
Namibia,NAM,2012,617
Namibia,NAM,2013,676
Namibia,NAM,2014,706
Namibia,NAM,2015,740
Namibia,NAM,2016,754
Namibia,NAM,2017,800
Namibia,NAM,2018,834
Namibia,NAM,2019,868
Nepal,NPL,2000,3717
Nepal,NPL,2001,3726
Nepal,NPL,2002,3779
Nepal,NPL,2003,3865
Nepal,NPL,2004,4038
Nepal,NPL,2005,4124
Nepal,NPL,2006,4147
Nepal,NPL,2007,4212
Nepal,NPL,2008,4230
Nepal,NPL,2009,4226
Nepal,NPL,2010,4255
Nepal,NPL,2011,4347
Nepal,NPL,2012,4238
Nepal,NPL,2013,4238
Nepal,NPL,2014,4288
Nepal,NPL,2015,4404
Nepal,NPL,2016,4622
Nepal,NPL,2017,4476
Nepal,NPL,2018,4561
Nepal,NPL,2019,4654
Netherlands,NLD,2000,1202
Netherlands,NLD,2001,1117
Netherlands,NLD,2002,1102
Netherlands,NLD,2003,1122
Netherlands,NLD,2004,908
Netherlands,NLD,2005,842
Netherlands,NLD,2006,836
Netherlands,NLD,2007,816
Netherlands,NLD,2008,773
Netherlands,NLD,2009,742
Netherlands,NLD,2010,660
Netherlands,NLD,2011,681
Netherlands,NLD,2012,675
Netherlands,NLD,2013,588
Netherlands,NLD,2014,588
Netherlands,NLD,2015,640
Netherlands,NLD,2016,648
Netherlands,NLD,2017,632
Netherlands,NLD,2018,699
Netherlands,NLD,2019,681
New Zealand,NZL,2000,476
New Zealand,NZL,2001,469
New Zealand,NZL,2002,449
New Zealand,NZL,2003,491
New Zealand,NZL,2004,457
New Zealand,NZL,2005,424
New Zealand,NZL,2006,421
New Zealand,NZL,2007,443
New Zealand,NZL,2008,392
New Zealand,NZL,2009,415
New Zealand,NZL,2010,407
New Zealand,NZL,2011,323
New Zealand,NZL,2012,340
New Zealand,NZL,2013,279
New Zealand,NZL,2014,327
New Zealand,NZL,2015,356
New Zealand,NZL,2016,364
New Zealand,NZL,2017,421
New Zealand,NZL,2018,420
New Zealand,NZL,2019,458
Nicaragua,NIC,2000,828
Nicaragua,NIC,2001,825
Nicaragua,NIC,2002,827
Nicaragua,NIC,2003,847
Nicaragua,NIC,2004,851
Nicaragua,NIC,2005,877
Nicaragua,NIC,2006,891
Nicaragua,NIC,2007,807
Nicaragua,NIC,2008,813
Nicaragua,NIC,2009,829
Nicaragua,NIC,2010,843
Nicaragua,NIC,2011,846
Nicaragua,NIC,2012,910
Nicaragua,NIC,2013,830
Nicaragua,NIC,2014,993
Nicaragua,NIC,2015,1004
Nicaragua,NIC,2016,1016
Nicaragua,NIC,2017,1038
Nicaragua,NIC,2018,1073
Nicaragua,NIC,2019,1109
Niger,NER,2000,3222
Niger,NER,2001,3302
Niger,NER,2002,3449
Niger,NER,2003,3542
Niger,NER,2004,3663
Niger,NER,2005,3752
Niger,NER,2006,3905
Niger,NER,2007,4012
Niger,NER,2008,4146
Niger,NER,2009,4324
Niger,NER,2010,4489
Niger,NER,2011,4679
Niger,NER,2012,4659
Niger,NER,2013,4824
Niger,NER,2014,5017
Niger,NER,2015,5215
Niger,NER,2016,5414
Niger,NER,2017,5575
Niger,NER,2018,5758
Niger,NER,2019,5946
Nigeria,NGA,2000,35748
Nigeria,NGA,2001,37094
Nigeria,NGA,2002,38361
Nigeria,NGA,2003,37774
Nigeria,NGA,2004,37400
Nigeria,NGA,2005,37445
Nigeria,NGA,2006,37662
Nigeria,NGA,2007,37853
Nigeria,NGA,2008,37759
Nigeria,NGA,2009,38996
Nigeria,NGA,2010,39757
Nigeria,NGA,2011,36572
Nigeria,NGA,2012,36948
Nigeria,NGA,2013,37831
Nigeria,NGA,2014,38703
Nigeria,NGA,2015,38749
Nigeria,NGA,2016,39802
Nigeria,NGA,2017,40325
Nigeria,NGA,2018,41008
Nigeria,NGA,2019,41693
North Korea,PRK,2000,5195
North Korea,PRK,2001,5157
North Korea,PRK,2002,5261
North Korea,PRK,2003,5411
North Korea,PRK,2004,5396
North Korea,PRK,2005,5410
North Korea,PRK,2006,5575
North Korea,PRK,2007,5723
North Korea,PRK,2008,5757
North Korea,PRK,2009,5720
North Korea,PRK,2010,5731
North Korea,PRK,2011,5804
North Korea,PRK,2012,5769
North Korea,PRK,2013,5788
North Korea,PRK,2014,5897
North Korea,PRK,2015,5915
North Korea,PRK,2016,6096
North Korea,PRK,2017,6042
North Korea,PRK,2018,6148
North Korea,PRK,2019,6210
North Macedonia,MKD,2000,167
North Macedonia,MKD,2001,110
North Macedonia,MKD,2002,181
North Macedonia,MKD,2003,131
North Macedonia,MKD,2004,160
North Macedonia,MKD,2005,147
North Macedonia,MKD,2006,144
North Macedonia,MKD,2007,178
North Macedonia,MKD,2008,167
North Macedonia,MKD,2009,165
North Macedonia,MKD,2010,167
North Macedonia,MKD,2011,177
North Macedonia,MKD,2012,136
North Macedonia,MKD,2013,204
North Macedonia,MKD,2014,134
North Macedonia,MKD,2015,153
North Macedonia,MKD,2016,134
North Macedonia,MKD,2017,126
North Macedonia,MKD,2018,108
North Macedonia,MKD,2019,107
Norway,NOR,2000,362
Norway,NOR,2001,297
Norway,NOR,2002,336
Norway,NOR,2003,306
Norway,NOR,2004,289
Norway,NOR,2005,245
Norway,NOR,2006,250
Norway,NOR,2007,240
Norway,NOR,2008,263
Norway,NOR,2009,222
Norway,NOR,2010,214
Norway,NOR,2011,173
Norway,NOR,2012,151
Norway,NOR,2013,193
Norway,NOR,2014,155
Norway,NOR,2015,133
Norway,NOR,2016,143
Norway,NOR,2017,112
Norway,NOR,2018,114
Norway,NOR,2019,114
Oman,OMN,2000,507
Oman,OMN,2001,514
Oman,OMN,2002,598
Oman,OMN,2003,596
Oman,OMN,2004,657
Oman,OMN,2005,710
Oman,OMN,2006,702
Oman,OMN,2007,823
Oman,OMN,2008,980
Oman,OMN,2009,1020
Oman,OMN,2010,845
Oman,OMN,2011,1089
Oman,OMN,2012,1174
Oman,OMN,2013,941
Oman,OMN,2014,841
Oman,OMN,2015,696
Oman,OMN,2016,713
Oman,OMN,2017,660
Oman,OMN,2018,657
Oman,OMN,2019,527
Pakistan,PAK,2000,19857
Pakistan,PAK,2001,20490
Pakistan,PAK,2002,21066
Pakistan,PAK,2003,21436
Pakistan,PAK,2004,22541
Pakistan,PAK,2005,23128
Pakistan,PAK,2006,23052
Pakistan,PAK,2007,23592
Pakistan,PAK,2008,24430
Pakistan,PAK,2009,25527
Pakistan,PAK,2010,26356
Pakistan,PAK,2011,27064
Pakistan,PAK,2012,25919
Pakistan,PAK,2013,26219
Pakistan,PAK,2014,26457
Pakistan,PAK,2015,26993
Pakistan,PAK,2016,27582
Pakistan,PAK,2017,27619
Pakistan,PAK,2018,27898
Pakistan,PAK,2019,28170
Panama,PAN,2000,468
Panama,PAN,2001,477
Panama,PAN,2002,495
Panama,PAN,2003,495
Panama,PAN,2004,454
Panama,PAN,2005,459
Panama,PAN,2006,544
Panama,PAN,2007,506
Panama,PAN,2008,541
Panama,PAN,2009,485
Panama,PAN,2010,481
Panama,PAN,2011,519
Panama,PAN,2012,532
Panama,PAN,2013,494
Panama,PAN,2014,554
Panama,PAN,2015,565
Panama,PAN,2016,575
Panama,PAN,2017,551
Panama,PAN,2018,580
Panama,PAN,2019,591
Papua New Guinea,PNG,2000,1018
Papua New Guinea,PNG,2001,1043
Papua New Guinea,PNG,2002,1096
Papua New Guinea,PNG,2003,1096
Papua New Guinea,PNG,2004,1122
Papua New Guinea,PNG,2005,1172
Papua New Guinea,PNG,2006,1196
Papua New Guinea,PNG,2007,1194
Papua New Guinea,PNG,2008,1217
Papua New Guinea,PNG,2009,1255
Papua New Guinea,PNG,2010,1249
Papua New Guinea,PNG,2011,1258
Papua New Guinea,PNG,2012,1236
Papua New Guinea,PNG,2013,1269
Papua New Guinea,PNG,2014,1140
Papua New Guinea,PNG,2015,1142
Papua New Guinea,PNG,2016,1150
Papua New Guinea,PNG,2017,1173
Papua New Guinea,PNG,2018,1163
Papua New Guinea,PNG,2019,1105
Paraguay,PRY,2000,502
Paraguay,PRY,2001,647
Paraguay,PRY,2002,490
Paraguay,PRY,2003,659
Paraguay,PRY,2004,692
Paraguay,PRY,2005,842
Paraguay,PRY,2006,996
Paraguay,PRY,2007,1033
Paraguay,PRY,2008,1376
Paraguay,PRY,2009,1453
Paraguay,PRY,2010,1557
Paraguay,PRY,2011,1540
Paraguay,PRY,2012,1470
Paraguay,PRY,2013,1512
Paraguay,PRY,2014,1438
Paraguay,PRY,2015,1472
Paraguay,PRY,2016,1529
Paraguay,PRY,2017,1524
Paraguay,PRY,2018,1535
Paraguay,PRY,2019,1552
Peru,PER,2000,4178
Peru,PER,2001,4299
Peru,PER,2002,3925
Peru,PER,2003,3827
Peru,PER,2004,4242
Peru,PER,2005,4425
Peru,PER,2006,4665
Peru,PER,2007,4703
Peru,PER,2008,4675
Peru,PER,2009,4346
Peru,PER,2010,3827
Peru,PER,2011,4732
Peru,PER,2012,4300
Peru,PER,2013,4167
Peru,PER,2014,4078
Peru,PER,2015,4221
Peru,PER,2016,4286
Peru,PER,2017,4349
Peru,PER,2018,4384
Peru,PER,2019,4414
Philippines,PHL,2000,7679
Philippines,PHL,2001,7724
Philippines,PHL,2002,8269
Philippines,PHL,2003,8429
Philippines,PHL,2004,8567
Philippines,PHL,2005,8755
Philippines,PHL,2006,8636
Philippines,PHL,2007,9462
Philippines,PHL,2008,9130
Philippines,PHL,2009,9765
Philippines,PHL,2010,10796
Philippines,PHL,2011,10002
Philippines,PHL,2012,10509
Philippines,PHL,2013,10513
Philippines,PHL,2014,10972
Philippines,PHL,2015,12720
Philippines,PHL,2016,12690
Philippines,PHL,2017,12366
Philippines,PHL,2018,12689
Philippines,PHL,2019,13017
Poland,POL,2000,7170
Poland,POL,2001,6404
Poland,POL,2002,6623
Poland,POL,2003,6341
Poland,POL,2004,6486
Poland,POL,2005,6140
Poland,POL,2006,5786
Poland,POL,2007,6285
Poland,POL,2008,6353
Poland,POL,2009,5093
Poland,POL,2010,4594
Poland,POL,2011,4915
Poland,POL,2012,4236
Poland,POL,2013,4107
Poland,POL,2014,3947
Poland,POL,2015,3551
Poland,POL,2016,3698
Poland,POL,2017,3460
Poland,POL,2018,3497
Poland,POL,2019,3555
Portugal,PRT,2000,1994
Portugal,PRT,2001,2224
Portugal,PRT,2002,2207
Portugal,PRT,2003,2022
Portugal,PRT,2004,1997
Portugal,PRT,2005,1858
Portugal,PRT,2006,1695
Portugal,PRT,2007,1380
Portugal,PRT,2008,1281
Portugal,PRT,2009,1270
Portugal,PRT,2010,1188
Portugal,PRT,2011,1141
Portugal,PRT,2012,837
Portugal,PRT,2013,828
Portugal,PRT,2014,883
Portugal,PRT,2015,856
Portugal,PRT,2016,768
Portugal,PRT,2017,822
Portugal,PRT,2018,922
Portugal,PRT,2019,838
Qatar,QAT,2000,185
Qatar,QAT,2001,171
Qatar,QAT,2002,203
Qatar,QAT,2003,222
Qatar,QAT,2004,222
Qatar,QAT,2005,275
Qatar,QAT,2006,364
Qatar,QAT,2007,290
Qatar,QAT,2008,327
Qatar,QAT,2009,300
Qatar,QAT,2010,296
Qatar,QAT,2011,271
Qatar,QAT,2012,279
Qatar,QAT,2013,332
Qatar,QAT,2014,330
Qatar,QAT,2015,285
Qatar,QAT,2016,239
Qatar,QAT,2017,236
Qatar,QAT,2018,225
Qatar,QAT,2019,206
Romania,ROU,2000,2753
Romania,ROU,2001,2864
Romania,ROU,2002,2536
Romania,ROU,2003,2563
Romania,ROU,2004,2651
Romania,ROU,2005,2855
Romania,ROU,2006,2811
Romania,ROU,2007,3019
Romania,ROU,2008,3233
Romania,ROU,2009,2884
Romania,ROU,2010,2451
Romania,ROU,2011,2118
Romania,ROU,2012,2105
Romania,ROU,2013,1962
Romania,ROU,2014,1996
Romania,ROU,2015,1993
Romania,ROU,2016,2044
Romania,ROU,2017,2084
Romania,ROU,2018,1995
Romania,ROU,2019,1992
Russia,RUS,2000,40792
Russia,RUS,2001,41984
Russia,RUS,2002,43045
Russia,RUS,2003,44771
Russia,RUS,2004,43098
Russia,RUS,2005,41410
Russia,RUS,2006,39426
Russia,RUS,2007,40351
Russia,RUS,2008,36517
Russia,RUS,2009,31040
Russia,RUS,2010,29443
Russia,RUS,2011,30252
Russia,RUS,2012,30829
Russia,RUS,2013,29832
Russia,RUS,2014,29436
Russia,RUS,2015,25364
Russia,RUS,2016,20938
Russia,RUS,2017,19680
Russia,RUS,2018,18779
Russia,RUS,2019,17507
Rwanda,RWA,2000,3012
Rwanda,RWA,2001,2994
Rwanda,RWA,2002,3133
Rwanda,RWA,2003,3155
Rwanda,RWA,2004,3188
Rwanda,RWA,2005,3274
Rwanda,RWA,2006,3213
Rwanda,RWA,2007,3215
Rwanda,RWA,2008,3205
Rwanda,RWA,2009,3340
Rwanda,RWA,2010,3414
Rwanda,RWA,2011,3500
Rwanda,RWA,2012,3607
Rwanda,RWA,2013,3500
Rwanda,RWA,2014,3313
Rwanda,RWA,2015,3435
Rwanda,RWA,2016,3535
Rwanda,RWA,2017,3639
Rwanda,RWA,2018,3679
Rwanda,RWA,2019,3718
Saint Lucia,LCA,2000,31
Saint Lucia,LCA,2001,25
Saint Lucia,LCA,2002,38
Saint Lucia,LCA,2003,28
Saint Lucia,LCA,2004,33
Saint Lucia,LCA,2005,22
Saint Lucia,LCA,2006,10
Saint Lucia,LCA,2007,28
Saint Lucia,LCA,2008,6
Saint Lucia,LCA,2009,32
Saint Lucia,LCA,2010,17
Saint Lucia,LCA,2011,43
Saint Lucia,LCA,2012,16
Saint Lucia,LCA,2013,32
Saint Lucia,LCA,2014,23
Saint Lucia,LCA,2015,34
Saint Lucia,LCA,2016,63
Saint Lucia,LCA,2017,43
Saint Lucia,LCA,2018,49
Saint Lucia,LCA,2019,55
Saint Vincent and the Grenadines,VCT,2000,5
Saint Vincent and the Grenadines,VCT,2001,6
Saint Vincent and the Grenadines,VCT,2002,5
Saint Vincent and the Grenadines,VCT,2003,11
Saint Vincent and the Grenadines,VCT,2004,8
Saint Vincent and the Grenadines,VCT,2005,9
Saint Vincent and the Grenadines,VCT,2006,14
Saint Vincent and the Grenadines,VCT,2007,9
Saint Vincent and the Grenadines,VCT,2008,6
Saint Vincent and the Grenadines,VCT,2009,8
Saint Vincent and the Grenadines,VCT,2010,4
Saint Vincent and the Grenadines,VCT,2011,4
Saint Vincent and the Grenadines,VCT,2012,6
Saint Vincent and the Grenadines,VCT,2013,9
Saint Vincent and the Grenadines,VCT,2014,7
Saint Vincent and the Grenadines,VCT,2015,7
Saint Vincent and the Grenadines,VCT,2016,7
Saint Vincent and the Grenadines,VCT,2017,8
Saint Vincent and the Grenadines,VCT,2018,8
Saint Vincent and the Grenadines,VCT,2019,8
Samoa,WSM,2000,26
Samoa,WSM,2001,24
Samoa,WSM,2002,24
Samoa,WSM,2003,24
Samoa,WSM,2004,27
Samoa,WSM,2005,23
Samoa,WSM,2006,23
Samoa,WSM,2007,23
Samoa,WSM,2008,24
Samoa,WSM,2009,55
Samoa,WSM,2010,24
Samoa,WSM,2011,24
Samoa,WSM,2012,24
Samoa,WSM,2013,35
Samoa,WSM,2014,22
Samoa,WSM,2015,22
Samoa,WSM,2016,22
Samoa,WSM,2017,25
Samoa,WSM,2018,25
Samoa,WSM,2019,26
Sao Tome and Principe,STP,2000,18
Sao Tome and Principe,STP,2001,15
Sao Tome and Principe,STP,2002,21
Sao Tome and Principe,STP,2003,21
Sao Tome and Principe,STP,2004,44
Sao Tome and Principe,STP,2005,45
Sao Tome and Principe,STP,2006,45
Sao Tome and Principe,STP,2007,45
Sao Tome and Principe,STP,2008,45
Sao Tome and Principe,STP,2009,46
Sao Tome and Principe,STP,2010,48
Sao Tome and Principe,STP,2011,48
Sao Tome and Principe,STP,2012,49
Sao Tome and Principe,STP,2013,51
Sao Tome and Principe,STP,2014,52
Sao Tome and Principe,STP,2015,54
Sao Tome and Principe,STP,2016,55
Sao Tome and Principe,STP,2017,57
Sao Tome and Principe,STP,2018,58
Sao Tome and Principe,STP,2019,60
Saudi Arabia,SAU,2000,3524
Saudi Arabia,SAU,2001,3627
Saudi Arabia,SAU,2002,3760
Saudi Arabia,SAU,2003,3980
Saudi Arabia,SAU,2004,5328
Saudi Arabia,SAU,2005,6167
Saudi Arabia,SAU,2006,6065
Saudi Arabia,SAU,2007,6555
Saudi Arabia,SAU,2008,6658
Saudi Arabia,SAU,2009,6332
Saudi Arabia,SAU,2010,6800
Saudi Arabia,SAU,2011,7375
Saudi Arabia,SAU,2012,7875
Saudi Arabia,SAU,2013,7898
Saudi Arabia,SAU,2014,7718
Saudi Arabia,SAU,2015,8313
Saudi Arabia,SAU,2016,9311
Saudi Arabia,SAU,2017,10142
Saudi Arabia,SAU,2018,11185
Saudi Arabia,SAU,2019,12317
Senegal,SEN,2000,2431
Senegal,SEN,2001,2468
Senegal,SEN,2002,2538
Senegal,SEN,2003,2652
Senegal,SEN,2004,2691
Senegal,SEN,2005,2747
Senegal,SEN,2006,2884
Senegal,SEN,2007,2975
Senegal,SEN,2008,3049
Senegal,SEN,2009,3145
Senegal,SEN,2010,3270
Senegal,SEN,2011,3345
Senegal,SEN,2012,3308
Senegal,SEN,2013,3389
Senegal,SEN,2014,3422
Senegal,SEN,2015,3508
Senegal,SEN,2016,3609
Senegal,SEN,2017,3670
Senegal,SEN,2018,3751
Senegal,SEN,2019,3832
Serbia,SRB,2000,1030
Serbia,SRB,2001,1298
Serbia,SRB,2002,879
Serbia,SRB,2003,748
Serbia,SRB,2004,841
Serbia,SRB,2005,920
Serbia,SRB,2006,1048
Serbia,SRB,2007,1147
Serbia,SRB,2008,1064
Serbia,SRB,2009,964
Serbia,SRB,2010,805
Serbia,SRB,2011,867
Serbia,SRB,2012,799
Serbia,SRB,2013,751
Serbia,SRB,2014,663
Serbia,SRB,2015,598
Serbia,SRB,2016,652
Serbia,SRB,2017,756
Serbia,SRB,2018,657
Serbia,SRB,2019,655
Seychelles,SYC,2000,11
Seychelles,SYC,2001,10
Seychelles,SYC,2002,16
Seychelles,SYC,2003,15
Seychelles,SYC,2004,8
Seychelles,SYC,2005,9
Seychelles,SYC,2006,11
Seychelles,SYC,2007,16
Seychelles,SYC,2008,6
Seychelles,SYC,2009,9
Seychelles,SYC,2010,13
Seychelles,SYC,2011,11
Seychelles,SYC,2012,10
Seychelles,SYC,2013,8
Seychelles,SYC,2014,12
Seychelles,SYC,2015,13
Seychelles,SYC,2016,15
Seychelles,SYC,2017,11
Seychelles,SYC,2018,11
Seychelles,SYC,2019,11
Sierra Leone,SLE,2000,1432
Sierra Leone,SLE,2001,1537
Sierra Leone,SLE,2002,1553
Sierra Leone,SLE,2003,1629
Sierra Leone,SLE,2004,1698
Sierra Leone,SLE,2005,1781
Sierra Leone,SLE,2006,1821
Sierra Leone,SLE,2007,1837
Sierra Leone,SLE,2008,1868
Sierra Leone,SLE,2009,1911
Sierra Leone,SLE,2010,1924
Sierra Leone,SLE,2011,1969
Sierra Leone,SLE,2012,1964
Sierra Leone,SLE,2013,1952
Sierra Leone,SLE,2014,2015
Sierra Leone,SLE,2015,2177
Sierra Leone,SLE,2016,2237
Sierra Leone,SLE,2017,2347
Sierra Leone,SLE,2018,2462
Sierra Leone,SLE,2019,2581
Singapore,SGP,2000,262
Singapore,SGP,2001,238
Singapore,SGP,2002,261
Singapore,SGP,2003,288
Singapore,SGP,2004,261
Singapore,SGP,2005,214
Singapore,SGP,2006,233
Singapore,SGP,2007,276
Singapore,SGP,2008,277
Singapore,SGP,2009,219
Singapore,SGP,2010,261
Singapore,SGP,2011,242
Singapore,SGP,2012,188
Singapore,SGP,2013,173
Singapore,SGP,2014,174
Singapore,SGP,2015,167
Singapore,SGP,2016,155
Singapore,SGP,2017,142
Singapore,SGP,2018,131
Singapore,SGP,2019,121
Slovakia,SVK,2000,816
Slovakia,SVK,2001,815
Slovakia,SVK,2002,771
Slovakia,SVK,2003,825
Slovakia,SVK,2004,780
Slovakia,SVK,2005,739
Slovakia,SVK,2006,752
Slovakia,SVK,2007,674
Slovakia,SVK,2008,780
Slovakia,SVK,2009,517
Slovakia,SVK,2010,484
Slovakia,SVK,2011,473
Slovakia,SVK,2012,428
Slovakia,SVK,2013,284
Slovakia,SVK,2014,356
Slovakia,SVK,2015,347
Slovakia,SVK,2016,344
Slovakia,SVK,2017,339
Slovakia,SVK,2018,335
Slovakia,SVK,2019,331
Slovenia,SVN,2000,325
Slovenia,SVN,2001,298
Slovenia,SVN,2002,281
Slovenia,SVN,2003,258
Slovenia,SVN,2004,286
Slovenia,SVN,2005,269
Slovenia,SVN,2006,275
Slovenia,SVN,2007,314
Slovenia,SVN,2008,224
Slovenia,SVN,2009,182
Slovenia,SVN,2010,147
Slovenia,SVN,2011,145
Slovenia,SVN,2012,136
Slovenia,SVN,2013,129
Slovenia,SVN,2014,113
Slovenia,SVN,2015,125
Slovenia,SVN,2016,134
Slovenia,SVN,2017,107
Slovenia,SVN,2018,94
Slovenia,SVN,2019,105
Solomon Islands,SLB,2000,73
Solomon Islands,SLB,2001,78
Solomon Islands,SLB,2002,83
Solomon Islands,SLB,2003,84
Solomon Islands,SLB,2004,84
Solomon Islands,SLB,2005,82
Solomon Islands,SLB,2006,85
Solomon Islands,SLB,2007,87
Solomon Islands,SLB,2008,88
Solomon Islands,SLB,2009,92
Solomon Islands,SLB,2010,94
Solomon Islands,SLB,2011,94
Solomon Islands,SLB,2012,95
Solomon Islands,SLB,2013,98
Solomon Islands,SLB,2014,99
Solomon Islands,SLB,2015,102
Solomon Islands,SLB,2016,104
Solomon Islands,SLB,2017,106
Solomon Islands,SLB,2018,109
Solomon Islands,SLB,2019,111
Somalia,SOM,2000,2453
Somalia,SOM,2001,2480
Somalia,SOM,2002,2484
Somalia,SOM,2003,2672
Somalia,SOM,2004,2804
Somalia,SOM,2005,2857
Somalia,SOM,2006,2954
Somalia,SOM,2007,3014
Somalia,SOM,2008,3144
Somalia,SOM,2009,3217
Somalia,SOM,2010,3334
Somalia,SOM,2011,3434
Somalia,SOM,2012,3442
Somalia,SOM,2013,3525
Somalia,SOM,2014,3654
Somalia,SOM,2015,3749
Somalia,SOM,2016,3884
Somalia,SOM,2017,3994
Somalia,SOM,2018,4111
Somalia,SOM,2019,4231
South Africa,ZAF,2000,19780
South Africa,ZAF,2001,17471
South Africa,ZAF,2002,18435
South Africa,ZAF,2003,20280
South Africa,ZAF,2004,19516
South Africa,ZAF,2005,18219
South Africa,ZAF,2006,19913
South Africa,ZAF,2007,15934
South Africa,ZAF,2008,14682
South Africa,ZAF,2009,14459
South Africa,ZAF,2010,14669
South Africa,ZAF,2011,14452
South Africa,ZAF,2012,13979
South Africa,ZAF,2013,12256
South Africa,ZAF,2014,13096
South Africa,ZAF,2015,13345
South Africa,ZAF,2016,14507
South Africa,ZAF,2017,13212
South Africa,ZAF,2018,13118
South Africa,ZAF,2019,13014
South Korea,KOR,2000,12141
South Korea,KOR,2001,9998
South Korea,KOR,2002,8905
South Korea,KOR,2003,9075
South Korea,KOR,2004,8066
South Korea,KOR,2005,7840
South Korea,KOR,2006,7771
South Korea,KOR,2007,7527
South Korea,KOR,2008,7369
South Korea,KOR,2009,7263
South Korea,KOR,2010,6793
South Korea,KOR,2011,6372
South Korea,KOR,2012,6360
South Korea,KOR,2013,5930
South Korea,KOR,2014,5502
South Korea,KOR,2015,5396
South Korea,KOR,2016,4990
South Korea,KOR,2017,4866
South Korea,KOR,2018,4396
South Korea,KOR,2019,4399
South Sudan,SSD,2000,1193
South Sudan,SSD,2001,1252
South Sudan,SSD,2002,1316
South Sudan,SSD,2003,1384
South Sudan,SSD,2004,1477
South Sudan,SSD,2005,1573
South Sudan,SSD,2006,1678
South Sudan,SSD,2007,1798
South Sudan,SSD,2008,2010
South Sudan,SSD,2009,2194
South Sudan,SSD,2010,2407
South Sudan,SSD,2011,2692
South Sudan,SSD,2012,3132
South Sudan,SSD,2013,3228
South Sudan,SSD,2014,3364
South Sudan,SSD,2015,3543
South Sudan,SSD,2016,3661
South Sudan,SSD,2017,3785
South Sudan,SSD,2018,3924
South Sudan,SSD,2019,4063
Spain,ESP,2000,6295
Spain,ESP,2001,5934
Spain,ESP,2002,5701
Spain,ESP,2003,5709
Spain,ESP,2004,5056
Spain,ESP,2005,4666
Spain,ESP,2006,4286
Spain,ESP,2007,3952
Spain,ESP,2008,3196
Spain,ESP,2009,2798
Spain,ESP,2010,2555
Spain,ESP,2011,2212
Spain,ESP,2012,2002
Spain,ESP,2013,1889
Spain,ESP,2014,1965
Spain,ESP,2015,1973
Spain,ESP,2016,1922
Spain,ESP,2017,1944
Spain,ESP,2018,1918
Spain,ESP,2019,1829
Sri Lanka,LKA,2000,2842
Sri Lanka,LKA,2001,2885
Sri Lanka,LKA,2002,2880
Sri Lanka,LKA,2003,2890
Sri Lanka,LKA,2004,2849
Sri Lanka,LKA,2005,2903
Sri Lanka,LKA,2006,2834
Sri Lanka,LKA,2007,2861
Sri Lanka,LKA,2008,2841
Sri Lanka,LKA,2009,2884
Sri Lanka,LKA,2010,2875
Sri Lanka,LKA,2011,2885
Sri Lanka,LKA,2012,2643
Sri Lanka,LKA,2013,2610
Sri Lanka,LKA,2014,2516
Sri Lanka,LKA,2015,2904
Sri Lanka,LKA,2016,3096
Sri Lanka,LKA,2017,3434
Sri Lanka,LKA,2018,3798
Sri Lanka,LKA,2019,4200
Sudan,SDN,2000,6955
Sudan,SDN,2001,7127
Sudan,SDN,2002,7284
Sudan,SDN,2003,7576
Sudan,SDN,2004,7751
Sudan,SDN,2005,7919
Sudan,SDN,2006,7886
Sudan,SDN,2007,7999
Sudan,SDN,2008,8160
Sudan,SDN,2009,8166
Sudan,SDN,2010,8233
Sudan,SDN,2011,7451
Sudan,SDN,2012,8029
Sudan,SDN,2013,8226
Sudan,SDN,2014,9467
Sudan,SDN,2015,9783
Sudan,SDN,2016,10178
Sudan,SDN,2017,10965
Sudan,SDN,2018,10910
Sudan,SDN,2019,11459
Suriname,SUR,2000,121
Suriname,SUR,2001,61
Suriname,SUR,2002,86
Suriname,SUR,2003,99
Suriname,SUR,2004,145
Suriname,SUR,2005,132
Suriname,SUR,2006,125
Suriname,SUR,2007,130
Suriname,SUR,2008,126
Suriname,SUR,2009,139
Suriname,SUR,2010,103
Suriname,SUR,2011,119
Suriname,SUR,2012,85
Suriname,SUR,2013,79
Suriname,SUR,2014,90
Suriname,SUR,2015,64
Suriname,SUR,2016,81
Suriname,SUR,2017,91
Suriname,SUR,2018,90
Suriname,SUR,2019,89
Sweden,SWE,2000,598
Sweden,SWE,2001,627
Sweden,SWE,2002,564
Sweden,SWE,2003,540
Sweden,SWE,2004,501
Sweden,SWE,2005,476
Sweden,SWE,2006,483
Sweden,SWE,2007,485
Sweden,SWE,2008,441
Sweden,SWE,2009,383
Sweden,SWE,2010,285
Sweden,SWE,2011,320
Sweden,SWE,2012,331
Sweden,SWE,2013,301
Sweden,SWE,2014,308
Sweden,SWE,2015,313
Sweden,SWE,2016,308
Sweden,SWE,2017,270
Sweden,SWE,2018,361
Sweden,SWE,2019,315
Switzerland,CHE,2000,610
Switzerland,CHE,2001,561
Switzerland,CHE,2002,529
Switzerland,CHE,2003,563
Switzerland,CHE,2004,526
Switzerland,CHE,2005,422
Switzerland,CHE,2006,381
Switzerland,CHE,2007,396
Switzerland,CHE,2008,368
Switzerland,CHE,2009,360
Switzerland,CHE,2010,337
Switzerland,CHE,2011,330
Switzerland,CHE,2012,350
Switzerland,CHE,2013,277
Switzerland,CHE,2014,251
Switzerland,CHE,2015,261
Switzerland,CHE,2016,223
Switzerland,CHE,2017,237
Switzerland,CHE,2018,240
Switzerland,CHE,2019,193
Syria,SYR,2000,3614
Syria,SYR,2001,3583
Syria,SYR,2002,3550
Syria,SYR,2003,3819
Syria,SYR,2004,3893
Syria,SYR,2005,4021
Syria,SYR,2006,4299
Syria,SYR,2007,4525
Syria,SYR,2008,4728
Syria,SYR,2009,4813
Syria,SYR,2010,4813
Syria,SYR,2011,4796
Syria,SYR,2012,4517
Syria,SYR,2013,4511
Syria,SYR,2014,4645
Syria,SYR,2015,4664
Syria,SYR,2016,4806
Syria,SYR,2017,2926
Syria,SYR,2018,2903
Syria,SYR,2019,2550
Tajikistan,TJK,2000,1210
Tajikistan,TJK,2001,1230
Tajikistan,TJK,2002,1235
Tajikistan,TJK,2003,1241
Tajikistan,TJK,2004,1271
Tajikistan,TJK,2005,1280
Tajikistan,TJK,2006,1289
Tajikistan,TJK,2007,1304
Tajikistan,TJK,2008,1338
Tajikistan,TJK,2009,1376
Tajikistan,TJK,2010,1411
Tajikistan,TJK,2011,1424
Tajikistan,TJK,2012,1461
Tajikistan,TJK,2013,1499
Tajikistan,TJK,2014,1515
Tajikistan,TJK,2015,1552
Tajikistan,TJK,2016,1577
Tajikistan,TJK,2017,1600
Tajikistan,TJK,2018,1461
Tajikistan,TJK,2019,1461
Tanzania,TZA,2000,10794
Tanzania,TZA,2001,11015
Tanzania,TZA,2002,11043
Tanzania,TZA,2003,10903
Tanzania,TZA,2004,11249
Tanzania,TZA,2005,11456
Tanzania,TZA,2006,11391
Tanzania,TZA,2007,11718
Tanzania,TZA,2008,11871
Tanzania,TZA,2009,12343
Tanzania,TZA,2010,12784
Tanzania,TZA,2011,13062
Tanzania,TZA,2012,14264
Tanzania,TZA,2013,14687
Tanzania,TZA,2014,15296
Tanzania,TZA,2015,15858
Tanzania,TZA,2016,16252
Tanzania,TZA,2017,16902
Tanzania,TZA,2018,17470
Tanzania,TZA,2019,18054
Thailand,THA,2000,24570
Thailand,THA,2001,24956
Thailand,THA,2002,25097
Thailand,THA,2003,25069
Thailand,THA,2004,25257
Thailand,THA,2005,25423
Thailand,THA,2006,25459
Thailand,THA,2007,25763
Thailand,THA,2008,25854
Thailand,THA,2009,25849
Thailand,THA,2010,25758
Thailand,THA,2011,25799
Thailand,THA,2012,24635
Thailand,THA,2013,24562
Thailand,THA,2014,22308
Thailand,THA,2015,22554
Thailand,THA,2016,22447
Thailand,THA,2017,24298
Thailand,THA,2018,22458
Thailand,THA,2019,22428
Timor,TLS,2000,128
Timor,TLS,2001,127
Timor,TLS,2002,134
Timor,TLS,2003,142
Timor,TLS,2004,149
Timor,TLS,2005,155
Timor,TLS,2006,162
Timor,TLS,2007,158
Timor,TLS,2008,159
Timor,TLS,2009,163
Timor,TLS,2010,167
Timor,TLS,2011,171
Timor,TLS,2012,166
Timor,TLS,2013,171
Timor,TLS,2014,153
Timor,TLS,2015,157
Timor,TLS,2016,161
Timor,TLS,2017,157
Timor,TLS,2018,155
Timor,TLS,2019,154
Togo,TGO,2000,1481
Togo,TGO,2001,1541
Togo,TGO,2002,1601
Togo,TGO,2003,1649
Togo,TGO,2004,1697
Togo,TGO,2005,1732
Togo,TGO,2006,1801
Togo,TGO,2007,1841
Togo,TGO,2008,1905
Togo,TGO,2009,1954
Togo,TGO,2010,1995
Togo,TGO,2011,2054
Togo,TGO,2012,2076
Togo,TGO,2013,2133
Togo,TGO,2014,2161
Togo,TGO,2015,2191
Togo,TGO,2016,2224
Togo,TGO,2017,2245
Togo,TGO,2018,2276
Togo,TGO,2019,2316
Tonga,TON,2000,13
Tonga,TON,2001,13
Tonga,TON,2002,13
Tonga,TON,2003,13
Tonga,TON,2004,13
Tonga,TON,2005,14
Tonga,TON,2006,15
Tonga,TON,2007,14
Tonga,TON,2008,18
Tonga,TON,2009,11
Tonga,TON,2010,6
Tonga,TON,2011,9
Tonga,TON,2012,8
Tonga,TON,2013,8
Tonga,TON,2014,6
Tonga,TON,2015,7
Tonga,TON,2016,18
Tonga,TON,2017,18
Tonga,TON,2018,25
Tonga,TON,2019,34
Trinidad and Tobago,TTO,2000,172
Trinidad and Tobago,TTO,2001,205
Trinidad and Tobago,TTO,2002,192
Trinidad and Tobago,TTO,2003,260
Trinidad and Tobago,TTO,2004,231
Trinidad and Tobago,TTO,2005,249
Trinidad and Tobago,TTO,2006,262
Trinidad and Tobago,TTO,2007,275
Trinidad and Tobago,TTO,2008,326
Trinidad and Tobago,TTO,2009,292
Trinidad and Tobago,TTO,2010,268
Trinidad and Tobago,TTO,2011,213
Trinidad and Tobago,TTO,2012,240
Trinidad and Tobago,TTO,2013,189
Trinidad and Tobago,TTO,2014,202
Trinidad and Tobago,TTO,2015,180
Trinidad and Tobago,TTO,2016,165
Trinidad and Tobago,TTO,2017,153
Trinidad and Tobago,TTO,2018,141
Trinidad and Tobago,TTO,2019,130
Tunisia,TUN,2000,2302
Tunisia,TUN,2001,2277
Tunisia,TUN,2002,2261
Tunisia,TUN,2003,2322
Tunisia,TUN,2004,2348
Tunisia,TUN,2005,2432
Tunisia,TUN,2006,2434
Tunisia,TUN,2007,2447
Tunisia,TUN,2008,2498
Tunisia,TUN,2009,2508
Tunisia,TUN,2010,2538
Tunisia,TUN,2011,2542
Tunisia,TUN,2012,2482
Tunisia,TUN,2013,2502
Tunisia,TUN,2014,2517
Tunisia,TUN,2015,2559
Tunisia,TUN,2016,2595
Tunisia,TUN,2017,2461
Tunisia,TUN,2018,2166
Tunisia,TUN,2019,1928
Turkey,TUR,2000,5681
Turkey,TUR,2001,4522
Turkey,TUR,2002,4429
Turkey,TUR,2003,4360
Turkey,TUR,2004,4564
Turkey,TUR,2005,4645
Turkey,TUR,2006,4777
Turkey,TUR,2007,5162
Turkey,TUR,2008,4367
Turkey,TUR,2009,4458
Turkey,TUR,2010,4935
Turkey,TUR,2011,8089
Turkey,TUR,2012,7953
Turkey,TUR,2013,7825
Turkey,TUR,2014,7450
Turkey,TUR,2015,7763
Turkey,TUR,2016,7526
Turkey,TUR,2017,7657
Turkey,TUR,2018,6882
Turkey,TUR,2019,5573
Turkmenistan,TKM,2000,727
Turkmenistan,TKM,2001,744
Turkmenistan,TKM,2002,768
Turkmenistan,TKM,2003,783
Turkmenistan,TKM,2004,816
Turkmenistan,TKM,2005,816
Turkmenistan,TKM,2006,821
Turkmenistan,TKM,2007,825
Turkmenistan,TKM,2008,822
Turkmenistan,TKM,2009,837
Turkmenistan,TKM,2010,858
Turkmenistan,TKM,2011,858
Turkmenistan,TKM,2012,835
Turkmenistan,TKM,2013,914
Turkmenistan,TKM,2014,893
Turkmenistan,TKM,2015,910
Turkmenistan,TKM,2016,802
Turkmenistan,TKM,2017,839
Turkmenistan,TKM,2018,828
Turkmenistan,TKM,2019,800
Uganda,UGA,2000,8010
Uganda,UGA,2001,8192
Uganda,UGA,2002,8389
Uganda,UGA,2003,8488
Uganda,UGA,2004,8699
Uganda,UGA,2005,9002
Uganda,UGA,2006,9092
Uganda,UGA,2007,9372
Uganda,UGA,2008,9662
Uganda,UGA,2009,10018
Uganda,UGA,2010,10459
Uganda,UGA,2011,9508
Uganda,UGA,2012,10189
Uganda,UGA,2013,10687
Uganda,UGA,2014,11154
Uganda,UGA,2015,11574
Uganda,UGA,2016,12036
Uganda,UGA,2017,12324
Uganda,UGA,2018,12675
Uganda,UGA,2019,13012
Ukraine,UKR,2000,6646
Ukraine,UKR,2001,8605
Ukraine,UKR,2002,9358
Ukraine,UKR,2003,9581
Ukraine,UKR,2004,9719
Ukraine,UKR,2005,11797
Ukraine,UKR,2006,11790
Ukraine,UKR,2007,13674
Ukraine,UKR,2008,11452
Ukraine,UKR,2009,7836
Ukraine,UKR,2010,7066
Ukraine,UKR,2011,6926
Ukraine,UKR,2012,7060
Ukraine,UKR,2013,6596
Ukraine,UKR,2014,6201
Ukraine,UKR,2015,5797
Ukraine,UKR,2016,6089
Ukraine,UKR,2017,4599
Ukraine,UKR,2018,4429
Ukraine,UKR,2019,4487
United Arab Emirates,ARE,2000,502
United Arab Emirates,ARE,2001,522
United Arab Emirates,ARE,2002,778
United Arab Emirates,ARE,2003,900
United Arab Emirates,ARE,2004,850
United Arab Emirates,ARE,2005,856
United Arab Emirates,ARE,2006,910
United Arab Emirates,ARE,2007,1089
United Arab Emirates,ARE,2008,1273
United Arab Emirates,ARE,2009,1506
United Arab Emirates,ARE,2010,1659
United Arab Emirates,ARE,2011,1710
United Arab Emirates,ARE,2012,1635
United Arab Emirates,ARE,2013,1623
United Arab Emirates,ARE,2014,1636
United Arab Emirates,ARE,2015,1676
United Arab Emirates,ARE,2016,1678
United Arab Emirates,ARE,2017,1258
United Arab Emirates,ARE,2018,1085
United Arab Emirates,ARE,2019,870
United Kingdom,GBR,2000,4058
United Kingdom,GBR,2001,4164
United Kingdom,GBR,2002,4216
United Kingdom,GBR,2003,4290
United Kingdom,GBR,2004,4113
United Kingdom,GBR,2005,3995
United Kingdom,GBR,2006,3987
United Kingdom,GBR,2007,3583
United Kingdom,GBR,2008,3226
United Kingdom,GBR,2009,2702
United Kingdom,GBR,2010,2342
United Kingdom,GBR,2011,2149
United Kingdom,GBR,2012,1928
United Kingdom,GBR,2013,1858
United Kingdom,GBR,2014,2107
United Kingdom,GBR,2015,1927
United Kingdom,GBR,2016,2019
United Kingdom,GBR,2017,2015
United Kingdom,GBR,2018,2026
United Kingdom,GBR,2019,2169
United States,USA,2000,44148
United States,USA,2001,44676
United States,USA,2002,46575
United States,USA,2003,46286
United States,USA,2004,46158
United States,USA,2005,46394
United States,USA,2006,46474
United States,USA,2007,44863
United States,USA,2008,40721
United States,USA,2009,37139
United States,USA,2010,36153
United States,USA,2011,36128
United States,USA,2012,37405
United States,USA,2013,36174
United States,USA,2014,36061
United States,USA,2015,38705
United States,USA,2016,41555
United States,USA,2017,41550
United States,USA,2018,41053
United States,USA,2019,41694
Uruguay,URY,2000,559
Uruguay,URY,2001,518
Uruguay,URY,2002,410
Uruguay,URY,2003,406
Uruguay,URY,2004,462
Uruguay,URY,2005,424
Uruguay,URY,2006,481
Uruguay,URY,2007,479
Uruguay,URY,2008,531
Uruguay,URY,2009,552
Uruguay,URY,2010,573
Uruguay,URY,2011,590
Uruguay,URY,2012,527
Uruguay,URY,2013,585
Uruguay,URY,2014,555
Uruguay,URY,2015,522
Uruguay,URY,2016,460
Uruguay,URY,2017,485
Uruguay,URY,2018,544
Uruguay,URY,2019,512
Uzbekistan,UZB,2000,2413
Uzbekistan,UZB,2001,2404
Uzbekistan,UZB,2002,2098
Uzbekistan,UZB,2003,2555
Uzbekistan,UZB,2004,3346
Uzbekistan,UZB,2005,3397
Uzbekistan,UZB,2006,2669
Uzbekistan,UZB,2007,2790
Uzbekistan,UZB,2008,2928
Uzbekistan,UZB,2009,3611
Uzbekistan,UZB,2010,3216
Uzbekistan,UZB,2011,3262
Uzbekistan,UZB,2012,3045
Uzbekistan,UZB,2013,3482
Uzbekistan,UZB,2014,3306
Uzbekistan,UZB,2015,3694
Uzbekistan,UZB,2016,3617
Uzbekistan,UZB,2017,3585
Uzbekistan,UZB,2018,3326
Uzbekistan,UZB,2019,3853
Vanuatu,VUT,2000,26
Vanuatu,VUT,2001,27
Vanuatu,VUT,2002,28
Vanuatu,VUT,2003,29
Vanuatu,VUT,2004,29
Vanuatu,VUT,2005,29
Vanuatu,VUT,2006,29
Vanuatu,VUT,2007,30
Vanuatu,VUT,2008,30
Vanuatu,VUT,2009,31
Vanuatu,VUT,2010,32
Vanuatu,VUT,2011,33
Vanuatu,VUT,2012,33
Vanuatu,VUT,2013,34
Vanuatu,VUT,2014,39
Vanuatu,VUT,2015,42
Vanuatu,VUT,2016,43
Vanuatu,VUT,2017,44
Vanuatu,VUT,2018,44
Vanuatu,VUT,2019,45
Venezuela,VEN,2000,6631
Venezuela,VEN,2001,7404
Venezuela,VEN,2002,7493
Venezuela,VEN,2003,6989
Venezuela,VEN,2004,7328
Venezuela,VEN,2005,7182
Venezuela,VEN,2006,8276
Venezuela,VEN,2007,10016
Venezuela,VEN,2008,10416
Venezuela,VEN,2009,10329
Venezuela,VEN,2010,8877
Venezuela,VEN,2011,8684
Venezuela,VEN,2012,10105
Venezuela,VEN,2013,10537
Venezuela,VEN,2014,10360
Venezuela,VEN,2015,10501
Venezuela,VEN,2016,10640
Venezuela,VEN,2017,11106
Venezuela,VEN,2018,11041
Venezuela,VEN,2019,11127
Vietnam,VNM,2000,19251
Vietnam,VNM,2001,19507
Vietnam,VNM,2002,19813
Vietnam,VNM,2003,19916
Vietnam,VNM,2004,20668
Vietnam,VNM,2005,20661
Vietnam,VNM,2006,20721
Vietnam,VNM,2007,20780
Vietnam,VNM,2008,21372
Vietnam,VNM,2009,21420
Vietnam,VNM,2010,22529
Vietnam,VNM,2011,22520
Vietnam,VNM,2012,22783
Vietnam,VNM,2013,22681
Vietnam,VNM,2014,22629
Vietnam,VNM,2015,23582
Vietnam,VNM,2016,24970
Vietnam,VNM,2017,26338
Vietnam,VNM,2018,27868
Vietnam,VNM,2019,29475
World,OWID_WRL,2000,1167006
World,OWID_WRL,2001,1187215
World,OWID_WRL,2002,1210435
World,OWID_WRL,2003,1209726
World,OWID_WRL,2004,1212037
World,OWID_WRL,2005,1232889
World,OWID_WRL,2006,1246439
World,OWID_WRL,2007,1257615
World,OWID_WRL,2008,1257051
World,OWID_WRL,2009,1251282
World,OWID_WRL,2010,1258627
World,OWID_WRL,2011,1274238
World,OWID_WRL,2012,1275303
World,OWID_WRL,2013,1258854
World,OWID_WRL,2014,1248372
World,OWID_WRL,2015,1245499
World,OWID_WRL,2016,1252812
World,OWID_WRL,2017,1256190
World,OWID_WRL,2018,1268214
World,OWID_WRL,2019,1282142
Yemen,YEM,2000,3815
Yemen,YEM,2001,3934
Yemen,YEM,2002,4053
Yemen,YEM,2003,4173
Yemen,YEM,2004,4375
Yemen,YEM,2005,4419
Yemen,YEM,2006,4526
Yemen,YEM,2007,4688
Yemen,YEM,2008,4860
Yemen,YEM,2009,5177
Yemen,YEM,2010,5355
Yemen,YEM,2011,5741
Yemen,YEM,2012,5747
Yemen,YEM,2013,5884
Yemen,YEM,2014,6281
Yemen,YEM,2015,6896
Yemen,YEM,2016,7418
Yemen,YEM,2017,7644
Yemen,YEM,2018,8092
Yemen,YEM,2019,8561
Zambia,ZMB,2000,2850
Zambia,ZMB,2001,2907
Zambia,ZMB,2002,2954
Zambia,ZMB,2003,2953
Zambia,ZMB,2004,2993
Zambia,ZMB,2005,3017
Zambia,ZMB,2006,3029
Zambia,ZMB,2007,3017
Zambia,ZMB,2008,3066
Zambia,ZMB,2009,3146
Zambia,ZMB,2010,3217
Zambia,ZMB,2011,2899
Zambia,ZMB,2012,2957
Zambia,ZMB,2013,3040
Zambia,ZMB,2014,3170
Zambia,ZMB,2015,3312
Zambia,ZMB,2016,3472
Zambia,ZMB,2017,3466
Zambia,ZMB,2018,3559
Zambia,ZMB,2019,3654
Zimbabwe,ZWE,2000,3483
Zimbabwe,ZWE,2001,3541
Zimbabwe,ZWE,2002,3869
Zimbabwe,ZWE,2003,4044
Zimbabwe,ZWE,2004,4188
Zimbabwe,ZWE,2005,4259
Zimbabwe,ZWE,2006,4431
Zimbabwe,ZWE,2007,4480
Zimbabwe,ZWE,2008,4637
Zimbabwe,ZWE,2009,4753
Zimbabwe,ZWE,2010,4774
Zimbabwe,ZWE,2011,4822
Zimbabwe,ZWE,2012,4895
Zimbabwe,ZWE,2013,5030
Zimbabwe,ZWE,2014,5151
Zimbabwe,ZWE,2015,5353
Zimbabwe,ZWE,2016,5601
Zimbabwe,ZWE,2017,5702
Zimbabwe,ZWE,2018,5867
Zimbabwe,ZWE,2019,6037